1;abrahamasantaclaragasse;Abraham-a-Santa-Clara-Gasse;graz-innerestadt;
1;absengerstraße;Absengerstraße;graz-eggenberg;
1;abstallerstraße;Abstallerstraße;graz-wetzelsdorf;
1;ackergasse;Ackergasse;graz-jakomini;
1;adalbertstiftergasse;Adalbert-Stifter-Gasse;graz-gries;
1;adlergasse;Adlergasse;graz-puntigam;
1;admontergasse;Admonter Gasse;graz-innerestadt;
1;adolfkolpinggasse;Adolf-Kolping-Gasse;graz-jakomini;
1;afritschgasse;Afritschgasse;graz-lend;
1;ägydigasse;Ägydigasse;graz-gries;
1;aignerrollettallee;Aigner-Rollett-Allee;graz-geidorf;
1;alberstraße;Alberstraße;graz-sanktleonhard;
1;albertschweitzergasse;Albert-Schweitzer-Gasse;graz-gries;
1;albrechtgasse;Albrechtgasse;graz-innerestadt;
1;alexanderrollettweg;Alexander-Rollett-Weg;graz-geidorf;
1;alfafarweg;Alfafarweg;graz-liebenau;
1;alfredcoßmanngasse;Alfred-Coßmann-Gasse;graz-straßgang;
1;algersdorferstraße;Algersdorfer Straße;graz-eggenberg;
1;allerheiligenweg;Allerheiligenweg;graz-eggenberg;
1;aloiskabelkaweg;Alois-Kabelka-Weg;graz-wetzelsdorf;
1;alpassypastirkgasse;Alpassy-Pastirk-Gasse;graz-andritz;
1;altepoststraße;Alte Poststraße;graz-lend;
1;altepoststraße;Alte Poststraße;graz-gries;
1;altepoststraße;Alte Poststraße;graz-eggenberg;
1;altepoststraße;Alte Poststraße;graz-wetzelsdorf;
1;altepoststraße;Alte Poststraße;graz-straßgang;
1;altepoststraße;Alte Poststraße;graz-puntigam;
1;amaigen;Am Aigen;graz-andritz;
1;amandritzbach;Am Andritzbach;graz-andritz;
1;amarlandgrund;Am Arlandgrund;graz-andritz;
1;ambergl;Am Bergl;graz-sanktpeter;
1;amblumenhang;Am Blumenhang;graz-waltendorf;
1;ambründlbach;Am Bründlbach;graz-straßgang;
1;ambuchkogel;Am Buchkogel;graz-straßgang;
1;amdamm;Am Damm;graz-lend;
1;amdominikanergrund;Am Dominikanergrund;graz-mariatrost;
1;amdürrgraben;Am Dürrgraben;graz-andritz;
1;ameichbach;Am Eichbach;graz-liebenau;
1;ameichengrund;Am Eichengrund;graz-andritz;
1;ameisbach;Am Eisbach;graz-puntigam;
1;ameisernentor;Am Eisernen Tor;graz-innerestadt;
1;amengelsdorfgrund;Am Engelsdorfgrund;graz-liebenau;
1;amfichtengrund;Am Fichtengrund;graz-eggenberg;
1;amföhrengrund;Am Föhrengrund;graz-andritz;
1;amfreigarten;Am Freigarten;graz-lend;
1;amfröbelpark;Am Fröbelpark;graz-lend;
1;amfußedesschloßberges;Am Fuße des Schloßberges;graz-innerestadt;
1;amgrabenwald;Am Grabenwald;graz-eggenberg;
1;amhofacker;Am Hofacker;graz-geidorf;
1;amhüttenbrenneranger;Am Hüttenbrenneranger;graz-andritz;
1;aminnovationspark;Am Innovationspark;graz-gries;
1;amjägergrund;Am Jägergrund;graz-straßgang;
1;amjosefbach;Am Josefbach;graz-mariatrost;
1;amjosefgrund;Am Josefgrund;graz-mariatrost;
1;amkatzelbach;Am Katzelbach;graz-straßgang;
1;amklammbach;Am Klammbach;graz-mariatrost;
1;amlangedelwehr;Am Langedelwehr;graz-jakomini;
1;amleonhardbach;Am Leonhardbach;graz-waltendorf;
1;amleopoldsgrund;Am Leopoldsgrund;graz-puntigam;
1;amlindenhof;Am Lindenhof;graz-mariatrost;
1;amlindenkreuz;Am Lindenkreuz;graz-gries;
1;amlinegg;Am Linegg;graz-andritz;
1;ammariagrünerwald;Am Mariagrüner Wald;graz-mariatrost;
1;ammühlengrund;Am Mühlengrund;graz-puntigam;
1;ammühlgraben;Am Mühlgraben;graz-liebenau;
1;amölberg;Am Ölberg;graz-wetzelsdorf;
1;ampfangberg;Am Pfangberg;graz-andritz;
1;amragnitzbach;Am Ragnitzbach;graz-waltendorf;
1;amraketengrund;Am Raketengrund;graz-waltendorf;
1;amrehgrund;Am Rehgrund;graz-mariatrost;
1;amring;Am Ring;graz-waltendorf;
1;amschönborngrund;Am Schönborngrund;graz-mariatrost;
1;amstadlgrund;Am Stadlgrund;graz-andritz;
1;amstübingeracker;Am Stübingeracker;graz-puntigam;
1;amwagrain;Am Wagrain;graz-straßgang;
1;amwagrain;Am Wagrain;graz-puntigam;
1;amwasserspiel;Am Wasserspiel;graz-ries;
1;amweinhang;Am Weinhang;graz-straßgang;
1;ambrosigasse;Ambrosigasse;graz-sanktpeter;
1;ampfererweg;Ampfererweg;graz-liebenau;
1;amreichstraße;Amreichstraße;graz-wetzelsdorf;
1;amschlgasse;Amschlgasse;graz-geidorf;
1;amselgasse;Amselgasse;graz-gries;
1;amundsengasse;Amundsengasse;graz-geidorf;
1;anderkanzel;An der Kanzel;graz-andritz;
1;andersengasse;Andersengasse;graz-liebenau;
1;andrägasse;Andrägasse;graz-gries;
1;andreashoferplatz;Andreas-Hofer-Platz;graz-innerestadt;
1;andreashoferstraße;Andreas-Hofer-Straße;graz-eggenberg;
1;andritzerhauptplatz;Andritzer Hauptplatz;graz-andritz;
1;andritzerreichsstraße;Andritzer Reichsstraße;graz-andritz;
1;angeloeustacchiogasse;Angelo-Eustacchio-Gasse;graz-waltendorf;
1;angergasse;Angergasse;graz-jakomini;
1;angergasse;Angergasse;graz-liebenau;
1;anglergasse;Anglergasse;graz-andritz;
1;anichgasse;Anichgasse;graz-gösting;
1;ankerstraße;Ankerstraße;graz-straßgang;
1;annaplatz;Annaplatz;graz-eggenberg;
1;annaweg;Annaweg;graz-eggenberg;
1;annenstraße;Annenstraße;graz-lend;
1;annenstraße;Annenstraße;graz-gries;
1;anselmfranzgasse;Anselm-Franz-Gasse;graz-puntigam;
1;anthauerweg;Anthauerweg;graz-straßgang;
1;antonfüsterweg;Anton-Füster-Weg;graz-geidorf;
1;antongerstlstraße;Anton-Gerstl-Straße;graz-lend;
1;antongerstlstraße;Anton-Gerstl-Straße;graz-eggenberg;
1;antonjandlweg;Anton-Jandl-Weg;graz-sanktpeter;
1;antonkleinoschegstraße;Anton-Kleinoscheg-Straße;graz-gösting;
1;antonlebgasse;Anton-Leb-Gasse;graz-geidorf;
1;antonlehmanngasse;Anton-Lehmann-Gasse;graz-sanktpeter;
1;antonlippeplatz;Anton-Lippe-Platz;graz-liebenau;
1;antonmellweg;Anton-Mell-Weg;graz-straßgang;
1;antonpaarstraße;Anton-Paar-Straße;graz-straßgang;
1;antonschwarzgasse;Anton-Schwarz-Gasse;graz-andritz;
1;antonwildgansweg;Anton-Wildgans-Weg;graz-mariatrost;
1;anzengrubergasse;Anzengrubergasse;graz-jakomini;
1;apothekerweg;Apothekerweg;graz-mariatrost;
1;archenoah;Arche Noah;graz-gries;
1;archerweg;Archerweg;graz-wetzelsdorf;
1;argenotstraße;Argenotstraße;graz-waltendorf;
1;argenotstraße;Argenotstraße;graz-ries;
1;aribonenstraße;Aribonenstraße;graz-straßgang;
1;arndtgasse;Arndtgasse;graz-jakomini;
1;arnethgasse;Arnethgasse;graz-wetzelsdorf;
1;arnikaweg;Arnikaweg;graz-sanktpeter;
1;arnoldluschingasse;Arnold-Luschin-Gasse;graz-gries;
1;arthurmarchgasse;Arthur-March-Gasse;graz-puntigam;
1;arthurschnitzlergasse;Arthur-Schnitzler-Gasse;graz-andritz;
1;arturmichlgasse;Artur-Michl-Gasse;graz-sanktpeter;
1;aspachgasse;Aspachgasse;graz-gösting;
1;aspasiagasse;Aspasiagasse;graz-ries;
1;asperngasse;Asperngasse;graz-lend;
1;attemsgasse;Attemsgasse;graz-geidorf;
1;auenbruggerplatz;Auenbruggerplatz;graz-geidorf;
1;auersperggasse;Auersperggasse;graz-geidorf;
1;auerwelsbachgasse;Auer-Welsbach-Gasse;graz-puntigam;
1;aufderheide;Auf der Heide;graz-liebenau;
1;aufdermurwiese;Auf der Murwiese;graz-liebenau;
1;aufdertändelwiese;Auf der Tändelwiese;graz-gries;
1;augasse;Augasse;graz-lend;
1;augasse;Augasse;graz-gösting;
1;augustmusgergasse;August-Musger-Gasse;graz-geidorf;
1;austeingasse;Austeingasse;graz-lend;
1;autalerstraße;Autaler Straße;graz-sanktpeter;
1;auwaldgasse;Auwaldgasse;graz-liebenau;
1;auwiesenweg;Auwiesenweg;graz-puntigam;
1;babenbergerstraße;Babenbergerstraße;graz-lend;
1;bachweg;Bachweg;graz-sanktpeter;
1;bäckerweg;Bäckerweg;graz-straßgang;
1;badenpowellallee;Baden-Powell-Allee;graz-innerestadt;
1;badgasse;Badgasse;graz-innerestadt;
1;bahnhofgürtel;Bahnhofgürtel;graz-lend;
1;bahnhofstraße;Bahnhofstraße;graz-straßgang;
1;bahnweg;Bahnweg;graz-liebenau;
1;baiernhofweg;Baiernhofweg;graz-eggenberg;
1;baiernstraße;Baiernstraße;graz-eggenberg;
1;ballhausgasse;Ballhausgasse;graz-innerestadt;
1;banngrabenweg;Banngrabenweg;graz-liebenau;
1;banngrabenweg;Banngrabenweg;graz-sanktpeter;
1;bärlauchweg;Bärlauchweg;graz-puntigam;
1;bauernfeldstraße;Bauernfeldstraße;graz-eggenberg;
1;baumgasse;Baumgasse;graz-andritz;
1;baumkircherstraße;Baumkircherstraße;graz-lend;
1;baumschulgasse;Baumschulgasse;graz-geidorf;
1;beethovenstraße;Beethovenstraße;graz-sanktleonhard;
1;beethovenstraße;Beethovenstraße;graz-geidorf;
1;belgiergasse;Belgiergasse;graz-gries;
1;bergmanngasse;Bergmanngasse;graz-geidorf;
1;bergstraße;Bergstraße;graz-eggenberg;
1;berlinerring;Berliner Ring;graz-waltendorf;
1;berschenygasse;Berschenygasse;graz-puntigam;
1;bertholdlinderweg;Berthold-Linder-Weg;graz-sanktleonhard;
1;bertholdlinderweg;Berthold-Linder-Weg;graz-waltendorf;
1;bessemergasse;Bessemergasse;graz-gries;
1;bethlehemgasse;Bethlehemgasse;graz-gries;
1;bienengasse;Bienengasse;graz-lend;
1;billrothgasse;Billrothgasse;graz-ries;
1;bindergasse;Bindergasse;graz-innerestadt;
1;birkenhang;Birkenhang;graz-waltendorf;
1;birkenweg;Birkenweg;graz-puntigam;
1;bischofplatz;Bischofplatz;graz-innerestadt;
1;blasbauerweg;Blasbauerweg;graz-gösting;
1;blümelhofweg;Blümelhofweg;graz-mariatrost;
1;blümelstraße;Blümelstraße;graz-eggenberg;
1;blütengasse;Blütengasse;graz-geidorf;
1;bodenfeldgasse;Bodenfeldgasse;graz-eggenberg;
1;bogengasse;Bogengasse;graz-geidorf;
1;borromäumgasse;Borromäumgasse;graz-jakomini;
1;boschweg;Boschweg;graz-liebenau;
1;bozenerstraße;Bozener Straße;graz-gries;
1;brahmsstraße;Brahmsstraße;graz-jakomini;
1;brandauerweg;Brandauerweg;graz-straßgang;
1;brandhofgasse;Brandhofgasse;graz-sanktleonhard;
1;brandhofgasse;Brandhofgasse;graz-geidorf;
1;brauhausstraße;Brauhausstraße;graz-eggenberg;
1;brauhausstraße;Brauhausstraße;graz-wetzelsdorf;
1;brehmstraße;Brehmstraße;graz-wetzelsdorf;
1;breitenweg;Breitenweg;graz-sanktpeter;
1;breitenweg;Breitenweg;graz-waltendorf;
1;bresslernrothweg;Bresslern-Roth-Weg;graz-gösting;
1;breunergasse;Breunergasse;graz-gösting;
1;brockmanngasse;Brockmanngasse;graz-sanktleonhard;
1;brockmanngasse;Brockmanngasse;graz-jakomini;
1;brückengasse;Brückengasse;graz-gries;
1;brückenkopfgasse;Brückenkopfgasse;graz-gries;
1;brucknerstraße;Brucknerstraße;graz-jakomini;
1;brüderrennerweg;Brüder-Renner-Weg;graz-puntigam;
1;bründlgasse;Bründlgasse;graz-straßgang;
1;brunnerweg;Brunnerweg;graz-eggenberg;
1;brunnerweg;Brunnerweg;graz-wetzelsdorf;
1;brunnfeldweg;Brunnfeldweg;graz-puntigam;
1;brunngasse;Brunngasse;graz-geidorf;
1;buchenweg;Buchenweg;graz-jakomini;
1;buchkogelgasse;Buchkogelgasse;graz-gries;
1;buhnengasse;Buhnengasse;graz-lend;
1;bunsengasse;Bunsengasse;graz-lend;
1;burenstraße;Burenstraße;graz-eggenberg;
1;burenstraße;Burenstraße;graz-wetzelsdorf;
1;burgenlandstraße;Burgenlandstraße;graz-eggenberg;
1;bürgergasse;Bürgergasse;graz-innerestadt;
1;bürgerspitalgasse;Bürgerspitalgasse;graz-gries;
1;burgfriedweg;Burgfriedweg;graz-waltendorf;
1;burggarten;Burggarten;graz-innerestadt;
1;burggasse;Burggasse;graz-innerestadt;
1;burgring;Burgring;graz-innerestadt;
1;carlonegasse;Carlonegasse;graz-puntigam;
1;carlspitzweggasse;Carl-Spitzweg-Gasse;graz-sanktpeter;
1;carnerigasse;Carnerigasse;graz-geidorf;
1;casalgasse;Casalgasse;graz-liebenau;
1;charlottendorfgasse;Charlottendorfgasse;graz-geidorf;
1;christophorusgrund;Christophorusgrund;graz-straßgang;
1;conduzzigasse;Conduzzigasse;graz-mariatrost;
1;conradkreuzergasse;Conrad-Kreuzer-Gasse;graz-straßgang;
1;conradvonhötzendorfstraße;Conrad-von-Hötzendorf-Straße;graz-jakomini;
1;conradvonhötzendorfstraße;Conrad-von-Hötzendorf-Straße;graz-liebenau;
1;corneliusweg;Corneliusweg;graz-gösting;
1;costellagasse;Costellagasse;graz-gösting;
1;coventrypromenade;Coventrypromenade;graz-innerestadt;
1;custozzagasse;Custozzagasse;graz-gries;
1;dahlienweg;Dahlienweg;graz-straßgang;
1;daimlerweg;Daimlerweg;graz-liebenau;
1;dammweg;Dammweg;graz-sanktpeter;
1;darmstadtgasse;Darmstadtgasse;graz-lend;
1;daungasse;Daungasse;graz-lend;
1;davidgasse;Davidgasse;graz-innerestadt;
1;davidherzogplatz;David-Herzog-Platz;graz-gries;
1;dechantbinderanlage;Dechant-Binder-Anlage;graz-gösting;
1;defreggergasse;Defreggergasse;graz-gries;
1;denggasse;Denggasse;graz-sanktpeter;
1;dennigweg;Dennigweg;graz-andritz;
1;dieselweg;Dieselweg;graz-liebenau;
1;dietrichsteinplatz;Dietrichsteinplatz;graz-sanktleonhard;
1;dietrichsteinplatz;Dietrichsteinplatz;graz-jakomini;
1;doblergasse;Doblergasse;graz-lend;
1;dolezalgasse;Dolezalgasse;graz-gösting;
1;dominikanergasse;Dominikanergasse;graz-gries;
1;dominikanerriegel;Dominikanerriegel;graz-lend;
1;donboscoweg;Don-Bosco-Weg;graz-wetzelsdorf;
1;dorfstraße;Dorfstraße;graz-liebenau;
1;dornauweg;Dornauweg;graz-straßgang;
1;dorngasse;Dorngasse;graz-lend;
1;dornschneidergasse;Dornschneidergasse;graz-gries;
1;dorotheesölleweg;Dorothee-Sölle-Weg;graz-gries;
1;drantonschlossarweg;Dr.-Anton-Schlossar-Weg;graz-waltendorf;
1;drantonweg;Dr.-Anton-Weg;graz-straßgang;
1;drbrunoertlerstraße;Dr.-Bruno-Ertler-Straße;graz-mariatrost;
1;dreckenerstraße;Dr.-Eckener-Straße;graz-mariatrost;
1;drempergerweg;Dr.-Emperger-Weg;graz-wetzelsdorf;
1;drhanischweg;Dr.-Hanisch-Weg;graz-ries;
1;drhanskloepferstraße;Dr.-Hans-Kloepfer-Straße;graz-eggenberg;
1;drhansspitzyplatzl;Dr.-Hans-Spitzy-Platzl;graz-gries;
1;drheschlweg;Dr.-Heschl-Weg;graz-straßgang;
1;drignazscarpatettistraße;Dr.-Ignaz-Scarpatetti-Straße;graz-wetzelsdorf;
1;drjohannesudegasse;Dr.-Johannes-Ude-Gasse;graz-andritz;
1;drkamnikerstraße;Dr.-Kamniker-Straße;graz-straßgang;
1;drkarlluegerstraße;Dr.-Karl-Lueger-Straße;graz-gösting;
1;drlemischstraße;Dr.-Lemisch-Straße;graz-straßgang;
1;drlistergasse;Dr.-Lister-Gasse;graz-liebenau;
1;drpfaffgasse;Dr.-Pfaff-Gasse;graz-sanktpeter;
1;drplochlstraße;Dr.-Plochl-Straße;graz-jakomini;
1;drplochlstraße;Dr.-Plochl-Straße;graz-liebenau;
1;drrobertgrafstraße;Dr.-Robert-Graf-Straße;graz-waltendorf;
1;drrobertsiegerstraße;Dr.-Robert-Sieger-Straße;graz-jakomini;
1;drschlossarpark;Dr.-Schlossar-Park;graz-gries;
1;drstichlweg;Dr.-Stichl-Weg;graz-mariatrost;
1;drtheodorpfeifferstraße;Dr.-Theodor-Pfeiffer-Straße;graz-puntigam;
1;drtillygasse;Dr.-Tilly-Gasse;graz-andritz;
1;draisgasse;Draisgasse;graz-jakomini;
1;dreierschützengasse;Dreierschützengasse;graz-lend;
1;dreihackengasse;Dreihackengasse;graz-gries;
1;drosselweg;Drosselweg;graz-waltendorf;
1;drostehülshoffgasse;Droste-Hülshoff-Gasse;graz-geidorf;
1;dubrovnikallee;Dubrovnik Allee;graz-innerestadt;
1;dürergasse;Dürergasse;graz-sanktleonhard;
1;dürrgrabenweg;Dürrgrabenweg;graz-andritz;
1;eckertstraße;Eckertstraße;graz-eggenberg;
1;eckmichlstraße;Eckmichlstraße;graz-ries;
1;edelweißweg;Edelweißweg;graz-ries;
1;edisonstraße;Edisonstraße;graz-wetzelsdorf;
1;edlingerweg;Edlingerweg;graz-waltendorf;
1;eduardkeilgasse;Eduard-Keil-Gasse;graz-liebenau;
1;eduardrichtergasse;Eduard-Richter-Gasse;graz-sanktleonhard;
1;eggenbergerallee;Eggenberger Allee;graz-eggenberg;
1;eggenbergergürtel;Eggenberger Gürtel;graz-gries;
1;eggenbergerstraße;Eggenberger Straße;graz-lend;
1;eggenbergerstraße;Eggenberger Straße;graz-gries;
1;eggerlienzweg;Egger-Lienz-Weg;graz-straßgang;
1;eggwald;Eggwald;graz-mariatrost;
1;ehlergasse;Ehlergasse;graz-waltendorf;
1;ehrenfelsgasse;Ehrenfelsgasse;graz-jakomini;
1;eichäckerweg;Eichäckerweg;graz-liebenau;
1;eichbachgasse;Eichbachgasse;graz-liebenau;
1;eichendorffstraße;Eichendorffstraße;graz-geidorf;
1;eichenhaingasse;Eichenhaingasse;graz-andritz;
1;eichenweg;Eichenweg;graz-sanktpeter;
1;eichholzerweg;Eichholzerweg;graz-sanktpeter;
1;eigenweg;Eigenweg;graz-sanktpeter;
1;einödhofweg;Einödhofweg;graz-sanktpeter;
1;einödstraße;Einödstraße;graz-wetzelsdorf;
1;einpacherweg;Einpacherweg;graz-straßgang;
1;einsiedlerweg;Einsiedlerweg;graz-mariatrost;
1;einspinnergasse;Einspinnergasse;graz-innerestadt;
1;eintrachtgasse;Eintrachtgasse;graz-liebenau;
1;eisengasse;Eisengasse;graz-eggenberg;
1;eißlgasse;Eißlgasse;graz-ries;
1;eisteichgasse;Eisteichgasse;graz-sanktpeter;
1;eisteichgasse;Eisteichgasse;graz-waltendorf;
1;eiswerkgasse;Eiswerkgasse;graz-gösting;
1;ekkehardhauerstraße;Ekkehard-Hauer-Straße;graz-wetzelsdorf;
1;elisabethinergasse;Elisabethinergasse;graz-gries;
1;elisabethstraße;Elisabethstraße;graz-sanktleonhard;
1;elisabethstraße;Elisabethstraße;graz-geidorf;
1;elisesteiningersteg;Elise-Steininger-Steg;graz-innerestadt;
1;elisesteiningersteg;Elise-Steininger-Steg;graz-geidorf;
1;emichgasse;Emichgasse;graz-andritz;
1;emichplatzl;Emichplatzl;graz-innerestadt;
1;emilertlgasse;Emil-Ertl-Gasse;graz-jakomini;
1;emilertlgasse;Emil-Ertl-Gasse;graz-liebenau;
1;emilertlgasse;Emil-Ertl-Gasse;graz-sanktpeter;
1;engegasse;Enge Gasse;graz-innerestadt;
1;engelbertrücklgasse;Engelbert-Rückl-Gasse;graz-jakomini;
1;engelgasse;Engelgasse;graz-sanktleonhard;
1;engelsdorferstraße;Engelsdorfer Straße;graz-liebenau;
1;engerthgasse;Engerthgasse;graz-andritz;
1;entenplatz;Entenplatz;graz-gries;
1;enzianweg;Enzianweg;graz-straßgang;
1;eppensteinerweg;Eppensteinerweg;graz-eggenberg;
1;erdbergweg;Erdbergweg;graz-wetzelsdorf;
1;erichedeggersteg;Erich-Edegger-Steg;graz-innerestadt;
1;erichedeggersteg;Erich-Edegger-Steg;graz-lend;
1;erichedeggerweg;Erich-Edegger-Weg;graz-mariatrost;
1;erlengasse;Erlengasse;graz-lend;
1;ernsthaeckelstraße;Ernst-Haeckel-Straße;graz-jakomini;
1;ernsthaeckelstraße;Ernst-Haeckel-Straße;graz-sanktpeter;
1;ernstmoserweg;Ernst-Moser-Weg;graz-waltendorf;
1;ernstvogelweg;Ernst-Vogel-Weg;graz-sanktpeter;
1;erzherzogjohannallee;Erzherzog-Johann-Allee;graz-innerestadt;
1;erzherzogjohannstraße;Erzherzog-Johann-Straße;graz-mariatrost;
1;eschenbachgasse;Eschenbachgasse;graz-geidorf;
1;eschengasse;Eschengasse;graz-mariatrost;
1;esperantoplatz;Esperantoplatz;graz-lend;
1;esserweg;Esserweg;graz-liebenau;
1;etrichgasse;Etrichgasse;graz-puntigam;
1;ettingshausengasse;Ettingshausengasse;graz-andritz;
1;eugenieschmiedlhain;Eugenie-Schmiedl-Hain;graz-mariatrost;
1;europaplatz;Europaplatz;graz-lend;
1;europaratweg;Europaratweg;graz-innerestadt;
1;evangelimanngasse;Evangelimanngasse;graz-jakomini;
1;exerzierplatzstraße;Exerzierplatzstraße;graz-gösting;
1;eyslergasse;Eyslergasse;graz-puntigam;
1;eythgasse;Eythgasse;graz-wetzelsdorf;
1;fabriksgasse;Fabriksgasse;graz-gries;
1;falkenhofgasse;Falkenhofgasse;graz-gries;
1;falkenturmgasse;Falkenturmgasse;graz-puntigam;
1;falkenweg;Falkenweg;graz-andritz;
1;färbergasse;Färbergasse;graz-innerestadt;
1;färberplatz;Färberplatz;graz-innerestadt;
1;fasangartengasse;Fasangartengasse;graz-gries;
1;fasanstraße;Fasanstraße;graz-wetzelsdorf;
1;fasanturmweg;Fasanturmweg;graz-puntigam;
1;faunastraße;Faunastraße;graz-wetzelsdorf;
1;feldgasse;Feldgasse;graz-gries;
1;feldkirchnerweg;Feldkirchner Weg;graz-puntigam;
1;felixdahnplatz;Felix-Dahn-Platz;graz-sanktleonhard;
1;fellingergasse;Fellingergasse;graz-lend;
1;ferdinandporscheplatz;Ferdinand-Porsche-Platz;graz-liebenau;
1;ferdinandprirschstraße;Ferdinand-Prirsch-Straße;graz-straßgang;
1;ferdinandvonsaarweg;Ferdinand-von-Saar-Weg;graz-sanktpeter;
1;feuerbachgasse;Feuerbachgasse;graz-gries;
1;fichtestraße;Fichtestraße;graz-lend;
1;finkengasse;Finkengasse;graz-gries;
1;fischeraustraße;Fischeraustraße;graz-gösting;
1;fischergasse;Fischergasse;graz-geidorf;
1;fischerhofweg;Fischerhofweg;graz-waltendorf;
1;fischervonerlachgasse;Fischer-von-Erlach-Gasse;graz-innerestadt;
1;fiziastraße;Fiziastraße;graz-liebenau;
1;fliedergasse;Fliedergasse;graz-jakomini;
1;floraquellweg;Floraquellweg;graz-gösting;
1;floraweg;Floraweg;graz-straßgang;
1;florianibergstraße;Florianibergstraße;graz-straßgang;
1;florianigasse;Florianigasse;graz-gries;
1;flößerweg;Flößerweg;graz-puntigam;
1;floßlendplatz;Floßlendplatz;graz-lend;
1;floßlendstraße;Floßlendstraße;graz-lend;
1;flurerweg;Flurerweg;graz-sanktpeter;
1;flurgasse;Flurgasse;graz-jakomini;
1;föderlgasse;Föderlgasse;graz-andritz;
1;födranspergweg;Födranspergweg;graz-geidorf;
1;föllingerstraße;Föllinger Straße;graz-mariatrost;
1;fontanestraße;Fontanestraße;graz-wetzelsdorf;
1;forstergasse;Forstergasse;graz-wetzelsdorf;
1;forstweg;Forstweg;graz-andritz;
1;fosselgasse;Fosselgasse;graz-ries;
1;frachtengasse;Frachtengasse;graz-puntigam;
1;franckstraße;Franckstraße;graz-geidorf;
1;frankensteingasse;Frankensteingasse;graz-ries;
1;franzgrafallee;Franz-Graf-Allee;graz-innerestadt;
1;franzherzogweg;Franz-Herzog-Weg;graz-mariatrost;
1;franziskanergasse;Franziskanergasse;graz-innerestadt;
1;franziskanerplatz;Franziskanerplatz;graz-innerestadt;
1;franznablweg;Franz-Nabl-Weg;graz-waltendorf;
1;franzpratterstraße;Franz-Pratter-Straße;graz-eggenberg;
1;franzrieplgasse;Franz-Riepl-Gasse;graz-gries;
1;franzschmidtweg;Franz-Schmidt-Weg;graz-andritz;
1;franzsteinergasse;Franz-Steiner-Gasse;graz-eggenberg;
1;franzwerfelgasse;Franz-Werfel-Gasse;graz-andritz;
1;frauengasse;Frauengasse;graz-innerestadt;
1;fraungruberstraße;Fraungruberstraße;graz-mariatrost;
1;freiheitsplatz;Freiheitsplatz;graz-innerestadt;
1;freihofanger;Freihofanger;graz-mariatrost;
1;friaulweg;Friaulweg;graz-sanktpeter;
1;friaulweg;Friaulweg;graz-waltendorf;
1;friedensgasse;Friedensgasse;graz-sanktleonhard;
1;friedenspark;Friedenspark;graz-lend;
1;friedhofgasse;Friedhofgasse;graz-gries;
1;friedmanngasse;Friedmanngasse;graz-liebenau;
1;friedrichgasse;Friedrichgasse;graz-jakomini;
1;friedrichgauermannweg;Friedrich-Gauermann-Weg;graz-sanktpeter;
1;friedrichhebbelgasse;Friedrich-Hebbel-Gasse;graz-sanktleonhard;
1;friedrichkaulbachstraße;Friedrich-Kaulbach-Straße;graz-jakomini;
1;friedrichschnideritschstraße;Friedrich-Schnideritsch-Straße;graz-straßgang;
1;friedrichvongagernallee;Friedrich-von-Gagern-Allee;graz-innerestadt;
1;frischaufweg;Frischaufweg;graz-andritz;
1;fritzpreglweg;Fritz-Pregl-Weg;graz-geidorf;
1;fröbelgasse;Fröbelgasse;graz-lend;
1;fröhlichgasse;Fröhlichgasse;graz-jakomini;
1;froschaugasse;Froschaugasse;graz-jakomini;
1;frühlingstraße;Frühlingstraße;graz-wetzelsdorf;
1;fruhmannweg;Fruhmannweg;graz-sanktpeter;
1;fuchsenfeldweg;Fuchsenfeldweg;graz-liebenau;
1;fuchsriegelweg;Fuchsriegelweg;graz-ries;
1;fürstenstandweg;Fürstenstandweg;graz-gösting;
1;fürstenwarteweg;Fürstenwarteweg;graz-eggenberg;
1;fyrtagweg;Fyrtagweg;graz-mariatrost;
1;gabelsbergerstraße;Gabelsbergerstraße;graz-lend;
1;gabriachgasse;Gabriachgasse;graz-andritz;
1;gabrielseidlgasse;Gabriel-Seidl-Gasse;graz-sanktleonhard;
1;gadollaweg;Gadollaweg;graz-puntigam;
1;gaisbacherweg;Gaisbacherweg;graz-puntigam;
1;gaisbergweg;Gaisbergweg;graz-eggenberg;
1;gallmeyergasse;Gallmeyergasse;graz-eggenberg;
1;gallmeyergasse;Gallmeyergasse;graz-wetzelsdorf;
1;ganghoferstraße;Ganghoferstraße;graz-sanktpeter;
1;gartengasse;Gartengasse;graz-sanktleonhard;
1;gartenstadtstraße;Gartenstadtstraße;graz-jakomini;
1;gärtnerstraße;Gärtnerstraße;graz-gösting;
1;gaslaternenweg;Gaslaternenweg;graz-liebenau;
1;gasometerweg;Gasometerweg;graz-puntigam;
1;gaswerkstraße;Gaswerkstraße;graz-eggenberg;
1;gaußgasse;Gaußgasse;graz-sanktleonhard;
1;gebhardgasse;Gebhardgasse;graz-puntigam;
1;geibelgasse;Geibelgasse;graz-sanktpeter;
1;geidorfgürtel;Geidorfgürtel;graz-geidorf;
1;geidorfplatz;Geidorfplatz;graz-geidorf;
1;geißlergasse;Geißlergasse;graz-andritz;
1;geistingerweg;Geistingerweg;graz-straßgang;
1;gellertgasse;Gellertgasse;graz-sanktpeter;
1;gemeindeparkeggenberg;Gemeindepark Eggenberg;graz-eggenberg;
1;genossenschaftsweg;Genossenschaftsweg;graz-jakomini;
1;georggaßweg;Georg-Gaß-Weg;graz-liebenau;
1;georgigasse;Georgigasse;graz-eggenberg;
1;georgiplatz;Georgiplatz;graz-eggenberg;
1;gerharthauptmanngasse;Gerhart-Hauptmann-Gasse;graz-sanktpeter;
1;gerstnergasse;Gerstnergasse;graz-andritz;
1;ghegagasse;Ghegagasse;graz-lend;
1;ginzkeygasse;Ginzkeygasse;graz-andritz;
1;girardigasse;Girardigasse;graz-innerestadt;
1;glacisstraße;Glacisstraße;graz-innerestadt;
1;glacisstraße;Glacisstraße;graz-sanktleonhard;
1;glacisstraße;Glacisstraße;graz-geidorf;
1;glaserweg;Glaserweg;graz-straßgang;
1;glasfabrikstraße;Glasfabrikstraße;graz-lend;
1;glasfabrikstraße;Glasfabrikstraße;graz-eggenberg;
1;gleisdorfergasse;Gleisdorfer Gasse;graz-innerestadt;
1;gleisdorfergasse;Gleisdorfer Gasse;graz-sanktleonhard;
1;gleispachgasse;Gleispachgasse;graz-andritz;
1;glesingerstraße;Glesingerstraße;graz-straßgang;
1;glockenspielplatz;Glockenspielplatz;graz-innerestadt;
1;gluckgasse;Gluckgasse;graz-sanktpeter;
1;gmeinstraße;Gmeinstraße;graz-puntigam;
1;goethestraße;Goethestraße;graz-geidorf;
1;goldrutenweg;Goldrutenweg;graz-puntigam;
1;gollweg;Gollweg;graz-wetzelsdorf;
1;gorbachplatz;Gorbachplatz;graz-innerestadt;
1;göstingerstraße;Göstinger Straße;graz-gösting;
1;göstingerstraße;Göstinger Straße;graz-eggenberg;
1;gottliebremschmidtgasse;Gottlieb-Remschmidt-Gasse;graz-andritz;
1;gottschedgasse;Gottschedgasse;graz-sanktpeter;
1;gottscheerstraße;Gottscheer Straße;graz-mariatrost;
1;grabbegasse;Grabbegasse;graz-sanktpeter;
1;grabengürtel;Grabengürtel;graz-geidorf;
1;grabenhofenweg;Grabenhofenweg;graz-geidorf;
1;grabenstraße;Grabenstraße;graz-geidorf;
1;grabenstraße;Grabenstraße;graz-andritz;
1;gradlbauerweg;Gradlbauerweg;graz-straßgang;
1;gradnerstraße;Gradnerstraße;graz-straßgang;
1;gradnerstraße;Gradnerstraße;graz-puntigam;
1;grafenbergstraße;Grafenbergstraße;graz-gösting;
1;grafenhofweg;Grafenhofweg;graz-mariatrost;
1;grafensteingasse;Grafensteingasse;graz-straßgang;
1;granatengasse;Granatengasse;graz-gries;
1;grasbergerstraße;Grasbergerstraße;graz-eggenberg;
1;grasweg;Grasweg;graz-gries;
1;grazbachgasse;Grazbachgasse;graz-jakomini;
1;grazerstraße;Grazer Straße;graz-andritz;
1;grazerfeldstraße;Grazerfeldstraße;graz-wetzelsdorf;
1;greifenweg;Greifenweg;graz-straßgang;
1;grenadiergasse;Grenadiergasse;graz-gries;
1;grenzgasse;Grenzgasse;graz-puntigam;
1;grevenberggasse;Grevenberggasse;graz-wetzelsdorf;
1;grevenberggasse;Grevenberggasse;graz-straßgang;
1;griesgasse;Griesgasse;graz-gries;
1;grieskai;Grieskai;graz-gries;
1;griesplatz;Griesplatz;graz-gries;
1;grillparzerstraße;Grillparzerstraße;graz-geidorf;
1;grillweg;Grillweg;graz-straßgang;
1;grimmgasse;Grimmgasse;graz-lend;
1;gritzenkogel;Gritzenkogel;graz-eggenberg;
1;gritzenkogel;Gritzenkogel;graz-wetzelsdorf;
1;gritzenweg;Gritzenweg;graz-eggenberg;
1;großgrabenweg;Großgrabenweg;graz-ries;
1;großmarktstraße;Großmarktstraße;graz-gries;
1;grottenhofstraße;Grottenhofstraße;graz-wetzelsdorf;
1;grubermohrweg;Gruber-Mohr-Weg;graz-sanktpeter;
1;grundäckergasse;Grundäckergasse;graz-puntigam;
1;grundfelderweg;Grundfelderweg;graz-straßgang;
1;grundwiesenweg;Grundwiesenweg;graz-straßgang;
1;grünegasse;Grüne Gasse;graz-lend;
1;gstirnergasse;Gstirnergasse;graz-ries;
1;gsundhofweg;Gsundhofweg;graz-sanktpeter;
1;guldinweg;Guldinweg;graz-straßgang;
1;guldinweg;Guldinweg;graz-puntigam;
1;gürtelturmplatz;Gürtelturmplatz;graz-gries;
1;gustavhoferweg;Gustav-Hofer-Weg;graz-mariatrost;
1;gustavklimtweg;Gustav-Klimt-Weg;graz-andritz;
1;gustavscherbaumpromenade;Gustav-Scherbaum-Promenade;graz-geidorf;
1;gustavscherbaumpromenade;Gustav-Scherbaum-Promenade;graz-andritz;
1;gutenbergstraße;Gutenbergstraße;graz-wetzelsdorf;
1;haaräckerstraße;Haaräckerstraße;graz-wetzelsdorf;
1;haberlandtweg;Haberlandtweg;graz-andritz;
1;hackhergasse;Hackhergasse;graz-lend;
1;hackhofergasse;Hackhofergasse;graz-straßgang;
1;haferfeldweg;Haferfeldweg;graz-straßgang;
1;hafnerriegel;Hafnerriegel;graz-jakomini;
1;hafnerstraße;Hafnerstraße;graz-straßgang;
1;hafnerstraße;Hafnerstraße;graz-puntigam;
1;hagengasse;Hagengasse;graz-eggenberg;
1;hahnhofweg;Hahnhofweg;graz-ries;
1;haideggerweg;Haidegger Weg;graz-mariatrost;
1;haignitzhofweg;Haignitzhofweg;graz-mariatrost;
1;halbärthgasse;Halbärthgasse;graz-geidorf;
1;hallerschloßstraße;Hallerschloßstraße;graz-sanktleonhard;
1;hallerschloßstraße;Hallerschloßstraße;graz-waltendorf;
1;halmweg;Halmweg;graz-straßgang;
1;hamerlinggasse;Hamerlinggasse;graz-innerestadt;
1;hammerpurgstallgasse;Hammer-Purgstall-Gasse;graz-gries;
1;handelstraße;Handelstraße;graz-eggenberg;
1;händelstraße;Händelstraße;graz-jakomini;
1;händelstraße;Händelstraße;graz-sanktpeter;
1;hangweg;Hangweg;graz-eggenberg;
1;hannskorenring;Hanns-Koren-Ring;graz-straßgang;
1;hansauergasse;Hans-Auer-Gasse;graz-andritz;
1;hansbrandstettergasse;Hans-Brandstetter-Gasse;graz-sanktleonhard;
1;hansdolfweg;Hans-Dolf-Weg;graz-sanktpeter;
1;hansfrizweg;Hans-Friz-Weg;graz-geidorf;
1;hansfrizweg;Hans-Friz-Weg;graz-mariatrost;
1;hansgroßgasse;Hans-Groß-Gasse;graz-gries;
1;hansgroßgasse;Hans-Groß-Gasse;graz-puntigam;
1;hanshegenbarthallee;Hans-Hegenbarth-Allee;graz-straßgang;
1;hanslistplatz;Hans-List-Platz;graz-lend;
1;hansmauracherstraße;Hans-Mauracher-Straße;graz-mariatrost;
1;hanspascherweg;Hans-Pascher-Weg;graz-eggenberg;
1;hansreselgasse;Hans-Resel-Gasse;graz-lend;
1;hansriehlgasse;Hans-Riehl-Gasse;graz-mariatrost;
1;hanssachsgasse;Hans-Sachs-Gasse;graz-innerestadt;
1;hansvondersanngasse;Hans-von-der-Sann-Gasse;graz-andritz;
1;hanuschgasse;Hanuschgasse;graz-lend;
1;hanuschplatz;Hanuschplatz;graz-eggenberg;
1;harmsdorfgasse;Harmsdorfgasse;graz-jakomini;
1;harmsdorfgasse;Harmsdorfgasse;graz-sanktpeter;
1;harrachgasse;Harrachgasse;graz-geidorf;
1;harrerweg;Harrerweg;graz-mariatrost;
1;hartenaugasse;Hartenaugasse;graz-sanktleonhard;
1;hartenaugasse;Hartenaugasse;graz-geidorf;
1;harterstraße;Harter Straße;graz-wetzelsdorf;
1;harterstraße;Harter Straße;graz-straßgang;
1;hartfelderweg;Hartfelderweg;graz-wetzelsdorf;
1;hartfelderweg;Hartfelderweg;graz-straßgang;
1;hartiggasse;Hartiggasse;graz-innerestadt;
1;haselweg;Haselweg;graz-jakomini;
1;hasnerplatz;Hasnerplatz;graz-geidorf;
1;hauberrissergasse;Hauberrissergasse;graz-waltendorf;
1;hauckweg;Hauckweg;graz-sanktpeter;
1;hauensteinweg;Hauensteinweg;graz-mariatrost;
1;hauersteig;Hauersteig;graz-mariatrost;
1;hauffgasse;Hauffgasse;graz-sanktpeter;
1;hauptplatz;Hauptplatz;graz-innerestadt;
1;hauseggerstraße;Hauseggerstraße;graz-eggenberg;
1;hauslabgasse;Hauslabgasse;graz-sanktleonhard;
1;haydngasse;Haydngasse;graz-sanktleonhard;
1;heckenweg;Heckenweg;graz-jakomini;
1;hedwigkatschinkastraße;Hedwig-Katschinka-Straße;graz-gries;
1;heidentrattenweg;Heidentrattenweg;graz-puntigam;
1;heilingergasse;Heilingergasse;graz-straßgang;
1;heimgartenweg;Heimgartenweg;graz-lend;
1;heimgartenweg;Heimgartenweg;graz-eggenberg;
1;heimweg;Heimweg;graz-wetzelsdorf;
1;heimweg;Heimweg;graz-straßgang;
1;heinrichcaspergasse;Heinrich-Casper-Gasse;graz-geidorf;
1;heinrichheinestraße;Heinrich-Heine-Straße;graz-eggenberg;
1;heinrichstraße;Heinrichstraße;graz-geidorf;
1;heipelweg;Heipelweg;graz-waltendorf;
1;helenenweg;Helenenweg;graz-waltendorf;
1;heleneserfeczplatz;Helene-Serfecz-Platz;graz-eggenberg;
1;henridunantweg;Henri-Dunant-Weg;graz-innerestadt;
1;herbersteinstraße;Herbersteinstraße;graz-eggenberg;
1;herbersteinstraße;Herbersteinstraße;graz-wetzelsdorf;
1;herbertboecklgasse;Herbert-Boeckl-Gasse;graz-liebenau;
1;herdergasse;Herdergasse;graz-geidorf;
1;hermannaustgasse;Hermann-Aust-Gasse;graz-straßgang;
1;hermannbahrgasse;Hermann-Bahr-Gasse;graz-gries;
1;hermanngmeinerweg;Hermann-Gmeiner-Weg;graz-straßgang;
1;hermannlönsgasse;Hermann-Löns-Gasse;graz-gries;
1;herrandgasse;Herrandgasse;graz-sanktleonhard;
1;herrengasse;Herrengasse;graz-innerestadt;
1;herrgottwiesgasse;Herrgottwiesgasse;graz-gries;
1;herrgottwiesgasse;Herrgottwiesgasse;graz-puntigam;
1;hertafraunederstraße;Herta-Fraunederstraße;graz-puntigam;
1;hertzgasse;Hertzgasse;graz-sanktpeter;
1;herzogenberggasse;Herzogenberggasse;graz-gösting;
1;heubergergasse;Heubergergasse;graz-wetzelsdorf;
1;heuweg;Heuweg;graz-liebenau;
1;hilgergasse;Hilgergasse;graz-geidorf;
1;hilmgasse;Hilmgasse;graz-geidorf;
1;hilmteichstraße;Hilmteichstraße;graz-geidorf;
1;hilmteichstraße;Hilmteichstraße;graz-mariatrost;
1;himmelreichweg;Himmelreichweg;graz-mariatrost;
1;hingenauweg;Hingenauweg;graz-mariatrost;
1;hintenfeldweg;Hintenfeldweg;graz-sanktpeter;
1;hintererplattenweg;Hinterer Plattenweg;graz-mariatrost;
1;hintererplattenweg;Hinterer Plattenweg;graz-andritz;
1;hirschengasse;Hirschengasse;graz-andritz;
1;hirtengasse;Hirtengasse;graz-lend;
1;hochenburgerweg;Hochenburgerweg;graz-straßgang;
1;hochfeldweg;Hochfeldweg;graz-ries;
1;hochkoflerweg;Hochkoflerweg;graz-straßgang;
1;hochleitenweg;Hochleitenweg;graz-puntigam;
1;hochsteingasse;Hochsteingasse;graz-geidorf;
1;hochstraße;Hochstraße;graz-waltendorf;
1;hochstrassergasse;Hochstrassergasse;graz-andritz;
1;hödlweg;Hödlweg;graz-eggenberg;
1;hofbauerplatz;Hofbauerplatz;graz-eggenberg;
1;hoffeldstraße;Hoffeldstraße;graz-andritz;
1;hofgasse;Hofgasse;graz-innerestadt;
1;hofmannsthalgasse;Hofmannsthalgasse;graz-eggenberg;
1;hofstatt;Hofstatt;graz-sanktpeter;
1;hofstättenweg;Hofstättenweg;graz-wetzelsdorf;
1;hohenrainstraße;Hohenrainstraße;graz-sanktpeter;
1;hohenrainstraße;Hohenrainstraße;graz-waltendorf;
1;hohenstaufengasse;Hohenstaufengasse;graz-gries;
1;hohenwartweg;Hohenwartweg;graz-straßgang;
1;höhlenweg;Höhlenweg;graz-wetzelsdorf;
1;hohlweg;Hohlweg;graz-sanktleonhard;
1;hollerbergweg;Hollerbergweg;graz-ries;
1;hollerweg;Hollerweg;graz-jakomini;
1;holteigasse;Holteigasse;graz-geidorf;
1;holubgasse;Holubgasse;graz-ries;
1;holzerweg;Holzerweg;graz-puntigam;
1;horneckstraße;Horneckstraße;graz-puntigam;
1;hortgasse;Hortgasse;graz-liebenau;
1;hoschweg;Hoschweg;graz-andritz;
1;huberthoffmannring;Hubert-Hoffmann-Ring;graz-mariatrost;
1;hubertusstraße;Hubertusstraße;graz-sanktpeter;
1;hüblweg;Hüblweg;graz-liebenau;
1;hügelweg;Hügelweg;graz-andritz;
1;hugoschuchardtstraße;Hugo-Schuchardt-Straße;graz-geidorf;
1;hugowolfgasse;Hugo-Wolf-Gasse;graz-geidorf;
1;humboldtstraße;Humboldtstraße;graz-geidorf;
1;humperdinckgasse;Humperdinckgasse;graz-geidorf;
1;hutteggerstraße;Hutteggerstraße;graz-liebenau;
1;hüttenbrennergasse;Hüttenbrennergasse;graz-jakomini;
1;ibererstraße;Ibererstraße;graz-gösting;
1;idlhofgasse;Idlhofgasse;graz-gries;
1;igelgasse;Igelgasse;graz-gries;
1;ignazkollmanngasse;Ignaz-Kollmann-Gasse;graz-ries;
1;ilwofgasse;Ilwofgasse;graz-wetzelsdorf;
1;imerlengrund;Im Erlengrund;graz-puntigam;
1;imgereut;Im Gereut;graz-gösting;
1;imhoffeld;Im Hoffeld;graz-andritz;
1;imvogelsang;Im Vogelsang;graz-andritz;
1;inderkell;In der Kell;graz-straßgang;
1;inffeldgasse;Inffeldgasse;graz-jakomini;
1;ingemorathstraße;Inge-Morath-Straße;graz-andritz;
1;ingeborgbachmanngasse;Ingeborg-Bachmann-Gasse;graz-liebenau;
1;innerhoferstraße;Innerhoferstraße;graz-andritz;
1;irisweg;Irisweg;graz-straßgang;
1;jägerweg;Jägerweg;graz-liebenau;
1;jahngasse;Jahngasse;graz-innerestadt;
1;jahngasse;Jahngasse;graz-geidorf;
1;jakobdegengasse;Jakob-Degen-Gasse;graz-puntigam;
1;jakobdirnböckgasse;Jakob-Dirnböck-Gasse;graz-geidorf;
1;jakobgschielgasse;Jakob-Gschiel-Gasse;graz-wetzelsdorf;
1;jakoblorbergasse;Jakob-Lorber-Gasse;graz-gries;
1;jakobmünzweg;Jakob-Münz-Weg;graz-gösting;
1;jakobredtenbachergasse;Jakob-Redtenbacher-Gasse;graz-jakomini;
1;jakobsleiter;Jakobsleiter;graz-geidorf;
1;jakobsleiter;Jakobsleiter;graz-andritz;
1;jakominigürtel;Jakominigürtel;graz-jakomini;
1;jakominiplatz;Jakominiplatz;graz-innerestadt;
1;jakominiplatz;Jakominiplatz;graz-sanktleonhard;
1;jakominiplatz;Jakominiplatz;graz-jakomini;
1;jakoministraße;Jakoministraße;graz-jakomini;
1;jandlweg;Jandlweg;graz-waltendorf;
1;janischhofweg;Janischhofweg;graz-mariatrost;
1;janneckweg;Janneckweg;graz-waltendorf;
1;janzgasse;Janzgasse;graz-eggenberg;
1;jaquetweg;Jaquetweg;graz-mariatrost;
1;jaritzweg;Jaritzweg;graz-andritz;
1;jarlweg;Jarlweg;graz-puntigam;
1;jauerburggasse;Jauerburggasse;graz-jakomini;
1;jensengasse;Jensengasse;graz-sanktleonhard;
1;jerusalemplatz;Jerusalemplatz;graz-innerestadt;
1;joanneumsviertel;Joanneumsviertel;graz-innerestadt;
1;joanneumring;Joanneumring;graz-innerestadt;
1;johannakolleggerstraße;Johanna-Kollegger-Straße;graz-eggenberg;
1;johannesweg;Johannesweg;graz-mariatrost;
1;johanneszwergerplatz;Johannes-Zwerger-Platz;graz-sanktleonhard;
1;johannfuxgasse;Johann-Fux-Gasse;graz-geidorf;
1;johannhaidenstraße;Johann-Haiden-Straße;graz-eggenberg;
1;johannhöhe;Johannhöhe;graz-mariatrost;
1;johannkollerweg;Johann-Koller-Weg;graz-liebenau;
1;johannkrieglstraße;Johann-Kriegl-Straße;graz-wetzelsdorf;
1;johannloserthgasse;Johann-Loserth-Gasse;graz-waltendorf;
1;johannmichaelsteffnweg;Johann-Michael-Steffn-Weg;graz-geidorf;
1;johannpaierlweg;Johann-Paierl-Weg;graz-mariatrost;
1;johannpuchplatz;Johann-Puch-Platz;graz-liebenau;
1;johannsebastianbachgasse;Johann-Sebastian-Bach-Gasse;graz-jakomini;
1;johannstraußgasse;Johann-Strauß-Gasse;graz-geidorf;
1;johannweitzerweg;Johann-Weitzer-Weg;graz-sanktpeter;
1;joherlgasse;Joherlgasse;graz-puntigam;
1;josefbayergasse;Josef-Bayer-Gasse;graz-wetzelsdorf;
1;josefgaubyweg;Josef-Gauby-Weg;graz-waltendorf;
1;josefhubergasse;Josef-Huber-Gasse;graz-gries;
1;josefhyrtlgasse;Josef-Hyrtl-Gasse;graz-gries;
1;josefigasse;Josefigasse;graz-lend;
1;josefkienzlweg;Josef-Kienzl-Weg;graz-wetzelsdorf;
1;joseflannerstraße;Josef-Lanner-Straße;graz-puntigam;
1;josefornigstraße;Josef-Ornig-Straße;graz-gösting;
1;josefpockstraße;Josef-Pock-Straße;graz-gösting;
1;josefpoestionstraße;Josef-Poestion-Straße;graz-eggenberg;
1;josefpongratzplatz;Josef-Pongratz-Platz;graz-jakomini;
1;josefposchstraße;Josef-Posch-Straße;graz-wetzelsdorf;
1;josefschwarzstraße;Josef-Schwarz-Straße;graz-wetzelsdorf;
1;josefsteinbergerweg;Josef-Steinberger-Weg;graz-straßgang;
1;josefweg;Josefweg;graz-mariatrost;
1;josephmarxstraße;Joseph-Marx-Straße;graz-mariatrost;
1;judendorferstraße;Judendorfer Straße;graz-gösting;
1;juliushanselstraße;Julius-Hansel-Straße;graz-wetzelsdorf;
1;juliusschuchgasse;Julius-Schuch-Gasse;graz-straßgang;
1;jungferngasse;Jungferngasse;graz-innerestadt;
1;kadettengasse;Kadettengasse;graz-liebenau;
1;kahngasse;Kahngasse;graz-geidorf;
1;kahngasse;Kahngasse;graz-andritz;
1;kainacherweg;Kainacherweg;graz-straßgang;
1;kaiserfeldgasse;Kaiserfeldgasse;graz-innerestadt;
1;kaiserfranzjosefkai;Kaiser-Franz-Josef-Kai;graz-innerestadt;
1;kaiserjosefplatz;Kaiser-Josef-Platz;graz-innerestadt;
1;kaiserjosefplatz;Kaiser-Josef-Platz;graz-sanktleonhard;
1;kaiserwaldweg;Kaiserwaldweg;graz-waltendorf;
1;kaiserwiesenweg;Kaiserwiesenweg;graz-puntigam;
1;kalchberggasse;Kalchberggasse;graz-innerestadt;
1;kaltenbrunngasse;Kaltenbrunngasse;graz-mariatrost;
1;kalvarienbergstraße;Kalvarienbergstraße;graz-lend;
1;kalvariengürtel;Kalvariengürtel;graz-lend;
1;kalvarienweg;Kalvarienweg;graz-gösting;
1;kammerwehrgasse;Kammerwehrgasse;graz-liebenau;
1;kantgasse;Kantgasse;graz-gries;
1;kapaunplatz;Kapaunplatz;graz-innerestadt;
1;kapellenstraße;Kapellenstraße;graz-gries;
1;kapellenstraße;Kapellenstraße;graz-straßgang;
1;kapistranpiellerplatz;Kapistran-Pieller-Platz;graz-innerestadt;
1;karlauergürtel;Karlauergürtel;graz-gries;
1;karlauerstraße;Karlauerstraße;graz-gries;
1;karlauplatz;Karlauplatz;graz-gries;
1;karletzelweg;Karl-Etzel-Weg;graz-wetzelsdorf;
1;karletzelweg;Karl-Etzel-Weg;graz-straßgang;
1;karlfrischgasse;Karl-Frisch-Gasse;graz-eggenberg;
1;karlhubergasse;Karl-Huber-Gasse;graz-liebenau;
1;karlmariavonwebergasse;Karl-Maria-von-Weber-Gasse;graz-jakomini;
1;karlmorrestraße;Karl-Morre-Straße;graz-eggenberg;
1;karlsbadergasse;Karlsbader Gasse;graz-straßgang;
1;karlschönherrgasse;Karl-Schönherr-Gasse;graz-jakomini;
1;karlschönherrgasse;Karl-Schönherr-Gasse;graz-sanktpeter;
1;karlzellerweg;Karl-Zeller-Weg;graz-gösting;
1;karmeliterplatz;Karmeliterplatz;graz-innerestadt;
1;kärntnerstraße;Kärntner Straße;graz-gries;
1;kärntnerstraße;Kärntner Straße;graz-wetzelsdorf;
1;kärntnerstraße;Kärntner Straße;graz-straßgang;
1;karolinenweg;Karolinenweg;graz-gösting;
1;karolinenweg;Karolinenweg;graz-eggenberg;
1;kasernstraße;Kasernstraße;graz-jakomini;
1;kasernstraße;Kasernstraße;graz-liebenau;
1;kastellfeldgasse;Kastellfeldgasse;graz-jakomini;
1;katzianergasse;Katzianergasse;graz-sanktleonhard;
1;kauperzgasse;Kauperzgasse;graz-puntigam;
1;keesgasse;Keesgasse;graz-jakomini;
1;kehlbergstraße;Kehlbergstraße;graz-straßgang;
1;keplerstraße;Keplerstraße;graz-lend;
1;kernerstraße;Kernerstraße;graz-wetzelsdorf;
1;kernstockgasse;Kernstockgasse;graz-gries;
1;kerschhoferweg;Kerschhoferweg;graz-waltendorf;
1;kettengasse;Kettengasse;graz-geidorf;
1;kiesgasse;Kiesgasse;graz-liebenau;
1;kindermanngasse;Kindermanngasse;graz-gries;
1;kinkgasse;Kinkgasse;graz-lend;
1;kirchbergstraße;Kirchbergstraße;graz-mariatrost;
1;kirchengasse;Kirchengasse;graz-geidorf;
1;kirchfelderweg;Kirchfelderweg;graz-puntigam;
1;kirchplatz;Kirchplatz;graz-mariatrost;
1;kirchweg;Kirchweg;graz-gösting;
1;kirschengasse;Kirschengasse;graz-geidorf;
1;kitnerweg;Kitnerweg;graz-sanktpeter;
1;klarafietzgasse;Klara-Fietz-Gasse;graz-gösting;
1;kleegasse;Kleegasse;graz-gries;
1;kleinweg;Kleinweg;graz-liebenau;
1;kleiststraße;Kleiststraße;graz-lend;
1;klingendrahtgasse;Klingendrahtgasse;graz-puntigam;
1;kloiberweg;Kloiberweg;graz-liebenau;
1;klopstockgasse;Klopstockgasse;graz-eggenberg;
1;klosterwiesgasse;Klosterwiesgasse;graz-jakomini;
1;klusemannstraße;Klusemannstraße;graz-wetzelsdorf;
1;klusemannstraße;Klusemannstraße;graz-straßgang;
1;knablgasse;Knablgasse;graz-straßgang;
1;kneippweg;Kneippweg;graz-andritz;
1;kochstraße;Kochstraße;graz-jakomini;
1;köflachergasse;Köflacher Gasse;graz-gries;
1;kogelweg;Kogelweg;graz-andritz;
1;koglergasse;Koglergasse;graz-andritz;
1;köglerweg;Köglerweg;graz-sanktpeter;
1;kohlbachgasse;Kohlbachgasse;graz-ries;
1;kollerbergweg;Kollerbergweg;graz-eggenberg;
1;kollerbergweg;Kollerbergweg;graz-wetzelsdorf;
1;kollonitschstraße;Kollonitschstraße;graz-ries;
1;kollwitzgasse;Kollwitzgasse;graz-liebenau;
1;koloniegasse;Koloniegasse;graz-eggenberg;
1;komzakgasse;Komzakgasse;graz-lend;
1;komzakgasse;Komzakgasse;graz-eggenberg;
1;königergasse;Königergasse;graz-straßgang;
1;königshoferstraße;Königshoferstraße;graz-eggenberg;
1;königsmühlstraße;Königsmühlstraße;graz-mariatrost;
1;konraddeublergasse;Konrad-Deubler-Gasse;graz-jakomini;
1;konradhopferwiesergasse;Konrad-Hopferwieser-Gasse;graz-liebenau;
1;konsumweg;Konsumweg;graz-lend;
1;kopernikusgasse;Kopernikusgasse;graz-jakomini;
1;korbgasse;Korbgasse;graz-innerestadt;
1;körblergasse;Körblergasse;graz-geidorf;
1;kornfelderweg;Kornfelderweg;graz-straßgang;
1;korngasse;Korngasse;graz-gries;
1;körösistraße;Körösistraße;graz-geidorf;
1;kortschakweg;Kortschakweg;graz-andritz;
1;kosakengasse;Kosakengasse;graz-lend;
1;koschakweg;Koschakweg;graz-waltendorf;
1;koschatgasse;Koschatgasse;graz-eggenberg;
1;koßgasse;Koßgasse;graz-sanktleonhard;
1;koßgasse;Koßgasse;graz-waltendorf;
1;köstenbaumgasse;Köstenbaumgasse;graz-gries;
1;kozennweg;Kozennweg;graz-ries;
1;krafftebingstraße;Krafft-Ebing-Straße;graz-mariatrost;
1;kranewittergasse;Kranewittergasse;graz-sanktpeter;
1;kratkystraße;Kratkystraße;graz-gries;
1;krausgasse;Krausgasse;graz-eggenberg;
1;kraxnerweg;Kraxnerweg;graz-wetzelsdorf;
1;krenngasse;Krenngasse;graz-sanktleonhard;
1;kreßgasse;Kreßgasse;graz-straßgang;
1;kreuzfelderweg;Kreuzfelderweg;graz-puntigam;
1;kreuzgasse;Kreuzgasse;graz-geidorf;
1;kriegssteig;Kriegssteig;graz-innerestadt;
1;kronesgasse;Kronesgasse;graz-jakomini;
1;kronfeldgasse;Kronfeldgasse;graz-straßgang;
1;krottendorferstraße;Krottendorfer Straße;graz-wetzelsdorf;
1;krottendorferstraße;Krottendorfer Straße;graz-straßgang;
1;krummerweg;Krummer Weg;graz-liebenau;
1;kübeckgasse;Kübeckgasse;graz-puntigam;
1;kudlergasse;Kudlergasse;graz-gösting;
1;kudlichweg;Kudlichweg;graz-straßgang;
1;kumarweg;Kumarweg;graz-mariatrost;
1;kurzegasse;Kurze Gasse;graz-gries;
1;kurzeggerweg;Kurzeggerweg;graz-mariatrost;
1;kurzweg;Kurzweg;graz-liebenau;
1;kuwasseggasse;Kuwasseggasse;graz-straßgang;
1;laboratoriumstraße;Laboratoriumstraße;graz-wetzelsdorf;
1;lacherweg;Lacherweg;graz-straßgang;
1;lagergasse;Lagergasse;graz-gries;
1;lagergasse;Lagergasse;graz-puntigam;
1;lagknergasse;Lagknergasse;graz-waltendorf;
1;laimburggasse;Laimburggasse;graz-geidorf;
1;lambergweg;Lambergweg;graz-sanktpeter;
1;landhausgasse;Landhausgasse;graz-innerestadt;
1;langegasse;Lange Gasse;graz-geidorf;
1;langeggerweg;Langeggerweg;graz-mariatrost;
1;lastenstraße;Lastenstraße;graz-lend;
1;laubgasse;Laubgasse;graz-gries;
1;laubgasse;Laubgasse;graz-puntigam;
1;laudongasse;Laudongasse;graz-lend;
1;lauzilgasse;Lauzilgasse;graz-gries;
1;lauzilgasse;Lauzilgasse;graz-puntigam;
1;lazarettgasse;Lazarettgasse;graz-gries;
1;lazarettgürtel;Lazarettgürtel;graz-gries;
1;leberackerweg;Leberackerweg;graz-liebenau;
1;lebernweg;Lebernweg;graz-puntigam;
1;ledermoarweg;Ledermoarweg;graz-ries;
1;leechgasse;Leechgasse;graz-geidorf;
1;lehargasse;Lehargasse;graz-geidorf;
1;leifhelmgasse;Leifhelmgasse;graz-liebenau;
1;leitnergasse;Leitnergasse;graz-jakomini;
1;lenaugasse;Lenaugasse;graz-geidorf;
1;lendkai;Lendkai;graz-lend;
1;lendplatz;Lendplatz;graz-lend;
1;lengheimerweg;Lengheimerweg;graz-straßgang;
1;leonhardgürtel;Leonhardgürtel;graz-sanktleonhard;
1;leonhardplatz;Leonhardplatz;graz-sanktleonhard;
1;leonhardplatz;Leonhardplatz;graz-geidorf;
1;leonhardstraße;Leonhardstraße;graz-sanktleonhard;
1;leoscheugasse;Leo-Scheu-Gasse;graz-liebenau;
1;lerchengasse;Lerchengasse;graz-eggenberg;
1;lessingstraße;Lessingstraße;graz-sanktleonhard;
1;leuzenhofgasse;Leuzenhofgasse;graz-lend;
1;libellenweg;Libellenweg;graz-sanktpeter;
1;lichtenfelsgasse;Lichtenfelsgasse;graz-sanktleonhard;
1;lichtensternweg;Lichtensternweg;graz-mariatrost;
1;lidlsdorfgasse;Lidlsdorfgasse;graz-gries;
1;liebenauergürtel;Liebenauer Gürtel;graz-liebenau;
1;liebenauerhauptstraße;Liebenauer Hauptstraße;graz-liebenau;
1;liebenauertangente;Liebenauer Tangente;graz-jakomini;
1;liebenauertangente;Liebenauer Tangente;graz-liebenau;
1;liebengasse;Liebengasse;graz-sanktpeter;
1;liebiggasse;Liebiggasse;graz-geidorf;
1;liesganiggasse;Liesganiggasse;graz-gösting;
1;liliencrongasse;Liliencrongasse;graz-geidorf;
1;lilienthalgasse;Lilienthalgasse;graz-eggenberg;
1;limonigasse;Limonigasse;graz-gries;
1;lindengasse;Lindengasse;graz-andritz;
1;lindenhofweg;Lindenhofweg;graz-mariatrost;
1;lindweg;Lindweg;graz-geidorf;
1;lineckerweg;Lineckerweg;graz-mariatrost;
1;lineckerweg;Lineckerweg;graz-andritz;
1;lissäckerstraße;Lissäckerstraße;graz-wetzelsdorf;
1;lissagasse;Lissagasse;graz-gries;
1;lisztgasse;Lisztgasse;graz-liebenau;
1;löckwiesenweg;Löckwiesenweg;graz-puntigam;
1;lodergasse;Lodergasse;graz-puntigam;
1;loewegasse;Loewegasse;graz-wetzelsdorf;
1;loissteinerweg;Lois-Steiner-Weg;graz-andritz;
1;lorenzvestweg;Lorenz-Vest-Weg;graz-liebenau;
1;lortzinggasse;Lortzinggasse;graz-liebenau;
1;löseranlage;Löseranlage;graz-gösting;
1;ludwigbenedekgasse;Ludwig-Benedek-Gasse;graz-straßgang;
1;ludwigboltzmanngasse;Ludwig-Boltzmann-Gasse;graz-puntigam;
1;ludwighülgerthgasse;Ludwig-Hülgerth-Gasse;graz-straßgang;
1;ludwigseydlergasse;Ludwig-Seydler-Gasse;graz-geidorf;
1;ludwigwerbagasse;Ludwig-Werba-Gasse;graz-waltendorf;
1;luigikasimirgasse;Luigi-Kasimir-Gasse;graz-andritz;
1;lustbühelstraße;Lustbühelstraße;graz-waltendorf;
1;luthergasse;Luthergasse;graz-sanktleonhard;
1;macherstraße;Macherstraße;graz-waltendorf;
1;macherstraße;Macherstraße;graz-ries;
1;maderspergergasse;Maderspergergasse;graz-eggenberg;
1;maggstraße;Maggstraße;graz-sanktpeter;
1;mahlergasse;Mahlergasse;graz-wetzelsdorf;
1;mahrenberggasse;Mahrenberggasse;graz-eggenberg;
1;maiffredygasse;Maiffredygasse;graz-sanktleonhard;
1;mainersbergstraße;Mainersbergstraße;graz-eggenberg;
1;majorhackherweg;Major-Hackher-Weg;graz-innerestadt;
1;makartgasse;Makartgasse;graz-geidorf;
1;mallitschweg;Mallitschweg;graz-waltendorf;
1;mälzerweg;Mälzerweg;graz-puntigam;
1;mandellstraße;Mandellstraße;graz-sanktleonhard;
1;mannagettaweg;Mannagettaweg;graz-waltendorf;
1;mantschastraße;Mantschastraße;graz-wetzelsdorf;
1;mantschastraße;Mantschastraße;graz-straßgang;
1;mantschawaldweg;Mantscha-Wald-Weg;graz-straßgang;
1;marburgerkai;Marburger Kai;graz-innerestadt;
1;marburgerstraße;Marburger Straße;graz-sanktpeter;
1;mariagrünerhang;Mariagrüner Hang;graz-mariatrost;
1;mariagrünerstraße;Mariagrüner Straße;graz-mariatrost;
1;mariahilferplatz;Mariahilferplatz;graz-lend;
1;mariahilferstraße;Mariahilferstraße;graz-lend;
1;mariannenweg;Mariannenweg;graz-gösting;
1;mariapachleitnerstraße;Maria-Pachleitner-Straße;graz-wetzelsdorf;
1;mariatheresiaallee;Maria-Theresia-Allee;graz-innerestadt;
1;mariatrosterstraße;Mariatroster Straße;graz-mariatrost;
1;mariengasse;Mariengasse;graz-lend;
1;marienplatz;Marienplatz;graz-lend;
1;marktannerweg;Marktannerweg;graz-gösting;
1;marktgasse;Marktgasse;graz-waltendorf;
1;markusgasse;Markusgasse;graz-puntigam;
1;marschallgasse;Marschallgasse;graz-lend;
1;marthatauskpark;Martha-Tausk-Park;graz-geidorf;
1;martingasse;Martingasse;graz-gries;
1;martinhofstraße;Martinhofstraße;graz-straßgang;
1;maschwandergasse;Maschwandergasse;graz-gösting;
1;matthiasankerweg;Matthias-Anker-Weg;graz-mariatrost;
1;matthiasscheinerweg;Matthias-Scheiner-Weg;graz-wetzelsdorf;
1;matthiastropperweg;Matthias-Tropper-Weg;graz-andritz;
1;mauergasse;Mauergasse;graz-gries;
1;mautgasse;Mautgasse;graz-geidorf;
1;mautgasse;Mautgasse;graz-andritz;
1;maxkraftgasse;Max-Kraft-Gasse;graz-andritz;
1;maxmellallee;Max-Mell-Allee;graz-geidorf;
1;maxregergasse;Max-Reger-Gasse;graz-gösting;
1;maygasse;Maygasse;graz-jakomini;
1;mehlplatz;Mehlplatz;graz-innerestadt;
1;meinonggasse;Meinonggasse;graz-ries;
1;meisenweg;Meisenweg;graz-liebenau;
1;melanweg;Melanweg;graz-straßgang;
1;melanweg;Melanweg;graz-puntigam;
1;melaspirastraße;Mela-Spira-Straße;graz-straßgang;
1;mendelgasse;Mendelgasse;graz-liebenau;
1;mengerweg;Mengerweg;graz-andritz;
1;merangasse;Merangasse;graz-sanktleonhard;
1;merangasse;Merangasse;graz-geidorf;
1;meranhofweg;Meranhofweg;graz-ries;
1;mesnergasse;Mesnergasse;graz-innerestadt;
1;messendorfberg;Messendorfberg;graz-sanktpeter;
1;messendorfbergstraße;Messendorfbergstraße;graz-sanktpeter;
1;messendorferstraße;Messendorfer Straße;graz-liebenau;
1;messendorferstraße;Messendorfer Straße;graz-sanktpeter;
1;messendorfgrund;Messendorfgrund;graz-sanktpeter;
1;messeplatz;Messeplatz;graz-jakomini;
1;metahofgasse;Metahofgasse;graz-lend;
1;mexikoweg;Mexikoweg;graz-andritz;
1;michaelkienreichstraße;Michael-Kienreich-Straße;graz-wetzelsdorf;
1;millöckergasse;Millöckergasse;graz-geidorf;
1;mittelstraße;Mittelstraße;graz-liebenau;
1;mittergrabenweg;Mittergrabenweg;graz-ries;
1;mittergrabenweg;Mittergrabenweg;graz-mariatrost;
1;mitterhofergasse;Mitterhofergasse;graz-gösting;
1;mitterlingweg;Mitterlingweg;graz-puntigam;
1;mitterstraße;Mitterstraße;graz-puntigam;
1;mitterwurzerweg;Mitterwurzerweg;graz-waltendorf;
1;mödlingergasse;Mödlingergasse;graz-wetzelsdorf;
1;moelkweg;Moelkweg;graz-waltendorf;
1;mohnzeile;Mohnzeile;graz-wetzelsdorf;
1;mohsgasse;Mohsgasse;graz-lend;
1;mondscheingasse;Mondscheingasse;graz-jakomini;
1;monsbergergasse;Monsbergergasse;graz-jakomini;
1;montclairallee;Montclair Allee;graz-innerestadt;
1;montecuccoligasse;Montecuccoligasse;graz-liebenau;
1;montfortstraße;Montfortstraße;graz-puntigam;
1;moosbrunnweg;Moosbrunnweg;graz-sanktpeter;
1;morellenfeldgasse;Morellenfeldgasse;graz-sanktleonhard;
1;mörikestraße;Mörikestraße;graz-wetzelsdorf;
1;mosconweg;Mosconweg;graz-ries;
1;moserhofgasse;Moserhofgasse;graz-jakomini;
1;moserwaldweg;Moserwaldweg;graz-sanktpeter;
1;mozartgasse;Mozartgasse;graz-geidorf;
1;muchargasse;Muchargasse;graz-geidorf;
1;mühlfelderweg;Mühlfelderweg;graz-straßgang;
1;mühlfelderweg;Mühlfelderweg;graz-puntigam;
1;mühlgangweg;Mühlgangweg;graz-jakomini;
1;mühlgasse;Mühlgasse;graz-lend;
1;mühlriegel;Mühlriegel;graz-lend;
1;müllergasse;Müllergasse;graz-liebenau;
1;müllerguttenbrunnweg;Müller-Guttenbrunn-Weg;graz-liebenau;
1;müllerviertel;Müllerviertel;graz-gösting;
1;münkergasse;Münkergasse;graz-andritz;
1;münzgrabengürtel;Münzgrabengürtel;graz-jakomini;
1;münzgrabenstraße;Münzgrabenstraße;graz-jakomini;
1;murfelderstraße;Murfelder Straße;graz-liebenau;
1;murgasse;Murgasse;graz-innerestadt;
1;naglergasse;Naglergasse;graz-sanktleonhard;
1;nansenweg;Nansenweg;graz-waltendorf;
1;negrelligasse;Negrelligasse;graz-gösting;
1;nelkengasse;Nelkengasse;graz-innerestadt;
1;nepomukgasse;Nepomukgasse;graz-andritz;
1;nernstgasse;Nernstgasse;graz-waltendorf;
1;nestroystraße;Nestroystraße;graz-eggenberg;
1;nestroystraße;Nestroystraße;graz-wetzelsdorf;
1;netzgasse;Netzgasse;graz-lend;
1;neubaugasse;Neubaugasse;graz-lend;
1;neuböckweg;Neuböckweg;graz-sanktpeter;
1;neudorf;Neudorf;graz-liebenau;
1;neudorferstraße;Neudorfer Straße;graz-liebenau;
1;neuebienengasse;Neue Bienengasse;graz-lend;
1;neuestiftingtalstraße;Neue Stiftingtalstraße;graz-ries;
1;neuewelt;Neue Welt;graz-innerestadt;
1;neueweltgasse;Neue-Welt-Gasse;graz-innerestadt;
1;neuewelthöhe;Neue-Welt-Höhe;graz-sanktpeter;
1;neufeldweg;Neufeldweg;graz-jakomini;
1;neufeldweg;Neufeldweg;graz-liebenau;
1;neufeldweg;Neufeldweg;graz-sanktpeter;
1;neugasse;Neugasse;graz-andritz;
1;neuholdaugasse;Neuholdaugasse;graz-jakomini;
1;neupauerweg;Neupauerweg;graz-wetzelsdorf;
1;neuseiersbergerstraße;Neuseiersberger Straße;graz-straßgang;
1;neusiedlergasse;Neusiedlergasse;graz-liebenau;
1;neusitzstraße;Neusitzstraße;graz-mariatrost;
1;neustiftweg;Neustiftweg;graz-andritz;
1;neutorgasse;Neutorgasse;graz-innerestadt;
1;nibelungengasse;Nibelungengasse;graz-sanktleonhard;
1;nibelungengasse;Nibelungengasse;graz-waltendorf;
1;niclasstroblweg;Niclas-Strobl-Weg;graz-straßgang;
1;niedenausweg;Niedenausweg;graz-straßgang;
1;niesenbergergasse;Niesenbergergasse;graz-gries;
1;nikolaigasse;Nikolaigasse;graz-gries;
1;nikolaiplatz;Nikolaiplatz;graz-gries;
1;nikolausottoweg;Nikolaus-Otto-Weg;graz-liebenau;
1;nikolausschönbacherstraße;Nikolaus-Schönbacher-Straße;graz-wetzelsdorf;
1;nippelgasse;Nippelgasse;graz-puntigam;
1;nittnergasse;Nittnergasse;graz-straßgang;
1;nordberggasse;Nordberggasse;graz-andritz;
1;nordweg;Nordweg;graz-jakomini;
1;nothelferweg;Nothelferweg;graz-eggenberg;
1;novalisgasse;Novalisgasse;graz-sanktpeter;
1;nürnbergergasse;Nürnbergergasse;graz-innerestadt;
1;nußbaumerstraße;Nußbaumerstraße;graz-sanktpeter;
1;oberebahnstraße;Obere Bahnstraße;graz-jakomini;
1;obereteichstraße;Obere Teichstraße;graz-waltendorf;
1;obereweid;Obere Weid;graz-gösting;
1;obererauweg;Oberer Auweg;graz-puntigam;
1;oberermühlackerweg;Oberer Mühlackerweg;graz-straßgang;
1;oberermühlackerweg;Oberer Mühlackerweg;graz-puntigam;
1;obererplattenweg;Oberer Plattenweg;graz-mariatrost;
1;obererplattenweg;Oberer Plattenweg;graz-andritz;
1;oberhuberweg;Oberhuberweg;graz-gösting;
1;obstgasse;Obstgasse;graz-sanktleonhard;
1;odilienweg;Odilienweg;graz-sanktleonhard;
1;oeverseegasse;Oeverseegasse;graz-gries;
1;ökonomiegasse;Ökonomiegasse;graz-lend;
1;ölbergweg;Ölbergweg;graz-wetzelsdorf;
1;olgarudelzeynekgasse;Olga-Rudel-Zeynek-Gasse;graz-straßgang;
1;opernring;Opernring;graz-innerestadt;
1;orgeniweg;Orgeniweg;graz-waltendorf;
1;orpheumgasse;Orpheumgasse;graz-lend;
1;ortnerstraße;Ortnerstraße;graz-ries;
1;ortweingasse;Ortweingasse;graz-geidorf;
1;ortweinplatz;Ortweinplatz;graz-jakomini;
1;ostbahnstraße;Ostbahnstraße;graz-liebenau;
1;ostwaldgasse;Ostwaldgasse;graz-lend;
1;ottoloewigasse;Otto-Loewi-Gasse;graz-sanktpeter;
1;ottowagnerweg;Otto-Wagner-Weg;graz-andritz;
1;pachernweg;Pachernweg;graz-sanktpeter;
1;pachlerweg;Pachlerweg;graz-mariatrost;
1;pambergergasse;Pambergergasse;graz-liebenau;
1;panoramagasse;Panoramagasse;graz-geidorf;
1;panzenbeckgasse;Panzenbeckgasse;graz-ries;
1;papierfabrikgasse;Papierfabrikgasse;graz-andritz;
1;papiermühlgasse;Papiermühlgasse;graz-lend;
1;pappenheimgasse;Pappenheimgasse;graz-sanktleonhard;
1;paracelsusgasse;Paracelsusgasse;graz-sanktleonhard;
1;paradeisgasse;Paradeisgasse;graz-innerestadt;
1;paradiesgasse;Paradiesgasse;graz-wetzelsdorf;
1;parkring;Parkring;graz-innerestadt;
1;parkstraße;Parkstraße;graz-innerestadt;
1;parkstraße;Parkstraße;graz-geidorf;
1;passinigasse;Passinigasse;graz-puntigam;
1;paulagroggerweg;Paula-Grogger-Weg;graz-wetzelsdorf;
1;paulawallischstraße;Paula-Wallisch-Straße;graz-gries;
1;paulernstgasse;Paul-Ernst-Gasse;graz-liebenau;
1;paulinerweg;Paulinerweg;graz-mariatrost;
1;paulkellergasse;Paul-Keller-Gasse;graz-sanktpeter;
1;paulustorgasse;Paulustorgasse;graz-innerestadt;
1;pauluzzigasse;Pauluzzigasse;graz-sanktleonhard;
1;payerweyprechtstraße;Payer-Weyprecht-Straße;graz-gries;
1;peballweg;Peballweg;graz-ries;
1;pedrettogasse;Pedrettogasse;graz-andritz;
1;pehamweg;Pehamweg;graz-straßgang;
1;peierlhang;Peierlhang;graz-sanktpeter;
1;peinlichgasse;Peinlichgasse;graz-geidorf;
1;pensionsweg;Pensionsweg;graz-mariatrost;
1;pertassekweg;Pertassekweg;graz-sanktpeter;
1;pesendorferweg;Pesendorferweg;graz-ries;
1;pestalozzistraße;Pestalozzistraße;graz-jakomini;
1;peterleardiweg;Peter-Leardi-Weg;graz-straßgang;
1;peterroseggerstraße;Peter-Rosegger-Straße;graz-gries;
1;peterroseggerstraße;Peter-Rosegger-Straße;graz-wetzelsdorf;
1;petersbachstraße;Petersbachstraße;graz-sanktpeter;
1;petersbergenstraße;Petersbergenstraße;graz-sanktpeter;
1;petersbergenstraße;Petersbergenstraße;graz-waltendorf;
1;petersgasse;Petersgasse;graz-sanktleonhard;
1;petersgasse;Petersgasse;graz-jakomini;
1;peterstalstraße;Peterstalstraße;graz-sanktpeter;
1;petertunnergasse;Peter-Tunner-Gasse;graz-lend;
1;petertunnergasse;Peter-Tunner-Gasse;graz-eggenberg;
1;petriau;Petri Au;graz-sanktpeter;
1;petrifelderstraße;Petrifelderstraße;graz-liebenau;
1;petrifelderstraße;Petrifelderstraße;graz-sanktpeter;
1;pfalzgrafenweg;Pfalzgrafenweg;graz-eggenberg;
1;pfanghofweg;Pfanghofweg;graz-andritz;
1;pfarrgasse;Pfarrgasse;graz-eggenberg;
1;pfeifferhofweg;Pfeifferhofweg;graz-andritz;
1;pfitznergasse;Pfitznergasse;graz-wetzelsdorf;
1;pflanzengasse;Pflanzengasse;graz-lend;
1;pflastergasse;Pflastergasse;graz-gries;
1;pfrimerweg;Pfrimerweg;graz-wetzelsdorf;
1;piccardigasse;Piccardigasse;graz-puntigam;
1;pichlergasse;Pichlergasse;graz-liebenau;
1;pirchäckerstraße;Pirchäckerstraße;graz-straßgang;
1;pistotnikgasse;Pistotnikgasse;graz-waltendorf;
1;pittoniweg;Pittoniweg;graz-wetzelsdorf;
1;plabutscherstraße;Plabutscherstraße;graz-lend;
1;plabutscherstraße;Plabutscherstraße;graz-gösting;
1;plabutscherstraße;Plabutscherstraße;graz-eggenberg;
1;plachelhofstraße;Plachelhofstraße;graz-puntigam;
1;plankengasse;Plankengasse;graz-jakomini;
1;plappartweg;Plappartweg;graz-waltendorf;
1;plattensteig;Plattensteig;graz-mariatrost;
1;plattensteig;Plattensteig;graz-andritz;
1;plattlstraße;Plattlstraße;graz-wetzelsdorf;
1;platzderehrenamtlichen;Platz der Ehrenamtlichen;graz-innerestadt;
1;platzderfreiwilligenschützen;Platz der Freiwilligen Schützen;graz-gries;
1;platzdermenschenrechte;Platz der Menschenrechte;graz-innerestadt;
1;plickweg;Plickweg;graz-andritz;
1;plüddemanngasse;Plüddemanngasse;graz-sanktleonhard;
1;plüddemanngasse;Plüddemanngasse;graz-sanktpeter;
1;plüddemanngasse;Plüddemanngasse;graz-waltendorf;
1;pointnergasse;Pointnergasse;graz-waltendorf;
1;poketzgasse;Poketzgasse;graz-eggenberg;
1;polstererweg;Polstererweg;graz-mariatrost;
1;polzergasse;Polzergasse;graz-waltendorf;
1;pomeranzengasse;Pomeranzengasse;graz-innerestadt;
1;pomisgasse;Pomisgasse;graz-jakomini;
1;pommergasse;Pommergasse;graz-lend;
1;popelkaring;Popelkaring;graz-andritz;
1;poppmeierstraße;Poppmeierstraße;graz-puntigam;
1;porscheweg;Porscheweg;graz-liebenau;
1;portugallweg;Portugallweg;graz-straßgang;
1;posenergasse;Posenergasse;graz-andritz;
1;posthofweg;Posthofweg;graz-ries;
1;prangelgasse;Prangelgasse;graz-eggenberg;
1;prankergasse;Prankergasse;graz-gries;
1;pratogasse;Pratogasse;graz-puntigam;
1;prevenhueberweg;Prevenhueberweg;graz-waltendorf;
1;prießnitzweg;Prießnitzweg;graz-andritz;
1;primelweg;Primelweg;graz-straßgang;
1;prinzhoferweg;Prinzhoferweg;graz-sanktpeter;
1;prochaskagasse;Prochaskagasse;graz-andritz;
1;professorfranzspathring;Prof.-Franz-Spath-Ring;graz-sanktpeter;
1;prokeschostengasse;Prokesch-Osten-Gasse;graz-gries;
1;prokopigasse;Prokopigasse;graz-innerestadt;
1;puchleitnerweg;Puchleitnerweg;graz-andritz;
1;puchstraße;Puchstraße;graz-gries;
1;puchstraße;Puchstraße;graz-puntigam;
1;pulakai;Pula Kai;graz-jakomini;
1;pulvermühlweg;Pulvermühlweg;graz-puntigam;
1;pulverturmstraße;Pulverturmstraße;graz-wetzelsdorf;
1;puntigamerstraße;Puntigamer Straße;graz-liebenau;
1;puntigamerstraße;Puntigamer Straße;graz-puntigam;
1;purbergstraße;Purbergstraße;graz-mariatrost;
1;purgleitnerstraße;Purgleitnerstraße;graz-jakomini;
1;purgleitnerstraße;Purgleitnerstraße;graz-sanktpeter;
1;puschweg;Puschweg;graz-straßgang;
1;quellengasse;Quellengasse;graz-geidorf;
1;quergasse;Quergasse;graz-gries;
1;quringasse;Quringasse;graz-andritz;
1;raabaweg;Raabaweg;graz-liebenau;
1;raabaweg;Raabaweg;graz-sanktpeter;
1;raachgasse;Raachgasse;graz-gösting;
1;rabensteinersteig;Rabensteinersteig;graz-mariatrost;
1;rabenweg;Rabenweg;graz-straßgang;
1;rablhang;Rablhang;graz-sanktpeter;
1;radegunderstraße;Radegunder Straße;graz-andritz;
1;radetzkystraße;Radetzkystraße;graz-innerestadt;
1;radetzkystraße;Radetzkystraße;graz-jakomini;
1;radgasse;Radgasse;graz-lend;
1;rafensedergasse;Rafensedergasse;graz-mariatrost;
1;raffaltweg;Raffaltweg;graz-waltendorf;
1;ragnitzstraße;Ragnitzstraße;graz-sanktleonhard;
1;ragnitzstraße;Ragnitzstraße;graz-ries;
1;ragnitztalweg;Ragnitztalweg;graz-waltendorf;
1;raiffeisenstraße;Raiffeisenstraße;graz-jakomini;
1;raiffeisenstraße;Raiffeisenstraße;graz-liebenau;
1;raimundgasse;Raimundgasse;graz-sanktleonhard;
1;rainleiten;Rainleiten;graz-andritz;
1;rainweg;Rainweg;graz-liebenau;
1;rankengasse;Rankengasse;graz-gries;
1;rannachstraße;Rannachstraße;graz-andritz;
1;rapoldgasse;Rapoldgasse;graz-waltendorf;
1;raubergasse;Raubergasse;graz-innerestadt;
1;rauchleitenstraße;Rauchleitenstraße;graz-ries;
1;rebengasse;Rebengasse;graz-lend;
1;rebhuhnweg;Rebhuhnweg;graz-puntigam;
1;rechbauerstraße;Rechbauerstraße;graz-sanktleonhard;
1;reichengasse;Reichengasse;graz-gries;
1;reifentalgasse;Reifentalgasse;graz-mariatrost;
1;reiherstadlgasse;Reiherstadlgasse;graz-gries;
1;reinbacherweg;Reinbacherweg;graz-lend;
1;reinbacherweg;Reinbacherweg;graz-gösting;
1;reinbacherweg;Reinbacherweg;graz-eggenberg;
1;reinerweg;Reinerweg;graz-andritz;
1;reininghausstraße;Reininghausstraße;graz-eggenberg;
1;reinitzerweg;Reinitzerweg;graz-andritz;
1;reintalweg;Reintalweg;graz-sanktpeter;
1;reiterweg;Reiterweg;graz-sanktleonhard;
1;reitschulgasse;Reitschulgasse;graz-sanktleonhard;
1;reitschulgasse;Reitschulgasse;graz-jakomini;
1;reitweg;Reitweg;graz-puntigam;
1;rembrandtgasse;Rembrandtgasse;graz-sanktleonhard;
1;rembrandtgasse;Rembrandtgasse;graz-geidorf;
1;remygasse;Remygasse;graz-lend;
1;resselgasse;Resselgasse;graz-lend;
1;rettenbacherstraße;Rettenbacher Straße;graz-mariatrost;
1;richardstraussgasse;Richard-Strauss-Gasse;graz-eggenberg;
1;richardwagnergasse;Richard-Wagner-Gasse;graz-geidorf;
1;richardzachgasse;Richard-Zach-Gasse;graz-andritz;
1;riedlerweg;Riedlerweg;graz-straßgang;
1;riedweg;Riedweg;graz-liebenau;
1;riegelgasse;Riegelgasse;graz-waltendorf;
1;riemerweg;Riemerweg;graz-straßgang;
1;rieshang;Rieshang;graz-ries;
1;riesplatz;Riesplatz;graz-ries;
1;riesstraße;Riesstraße;graz-sanktleonhard;
1;riesstraße;Riesstraße;graz-geidorf;
1;riesstraße;Riesstraße;graz-ries;
1;rilkeweg;Rilkeweg;graz-waltendorf;
1;rindscheidweg;Rindscheidweg;graz-straßgang;
1;rittergasse;Rittergasse;graz-geidorf;
1;rittervonformentiniallee;Ritter-von-Formentini-Allee;graz-innerestadt;
1;robertfuchsstraße;Robert-Fuchs-Straße;graz-wetzelsdorf;
1;robertfuchsstraße;Robert-Fuchs-Straße;graz-straßgang;
1;robertmlekusweg;Robert-Mlekus-Weg;graz-gösting;
1;robertmusilgasse;Robert-Musil-Gasse;graz-liebenau;
1;robertstolzgasse;Robert-Stolz-Gasse;graz-geidorf;
1;robertstolzpromenade;Robert-Stolz-Promenade;graz-innerestadt;
1;robertviertlstraße;Robert-Viertl-Straße;graz-straßgang;
1;rochelgasse;Rochelgasse;graz-eggenberg;
1;rohrbachergasse;Rohrbachergasse;graz-andritz;
1;rohrbachfeld;Rohrbachfeld;graz-ries;
1;rohrbachhöhe;Rohrbachhöhe;graz-ries;
1;rohrerberg;Rohrerberg;graz-andritz;
1;rohrerbergstraße;Rohrerbergstraße;graz-andritz;
1;römerweg;Römerweg;graz-gösting;
1;roseggergarten;Roseggergarten;graz-innerestadt;
1;roseggerkai;Roseggerkai;graz-jakomini;
1;roseggerweg;Roseggerweg;graz-geidorf;
1;roseggerweg;Roseggerweg;graz-ries;
1;roseggerweg;Roseggerweg;graz-mariatrost;
1;rosenberggasse;Rosenberggasse;graz-geidorf;
1;rosenberggürtel;Rosenberggürtel;graz-geidorf;
1;rosengasse;Rosengasse;graz-sanktpeter;
1;rosenhain;Rosenhain;graz-geidorf;
1;rosenhaingasse;Rosenhaingasse;graz-geidorf;
1;rosenhang;Rosenhang;graz-waltendorf;
1;rosenkranzgasse;Rosenkranzgasse;graz-gries;
1;rosenschlößlweg;Rosenschlößlweg;graz-mariatrost;
1;roßegg;Roßegg;graz-andritz;
1;rösselmühlgasse;Rösselmühlgasse;graz-gries;
1;roßmanngasse;Roßmanngasse;graz-ries;
1;rotmoosweg;Rotmoosweg;graz-andritz;
1;rottalgasse;Rottalgasse;graz-geidorf;
1;ruckerlberggasse;Ruckerlberggasse;graz-sanktleonhard;
1;ruckerlberggasse;Ruckerlberggasse;graz-waltendorf;
1;ruckerlberggürtel;Ruckerlberggürtel;graz-sanktleonhard;
1;rückertgasse;Rückertgasse;graz-geidorf;
1;rudersdorferstraße;Rudersdorfer Straße;graz-puntigam;
1;rudersdorferaustraße;Rudersdorfer-Au-Straße;graz-puntigam;
1;rudolfhansbartschstraße;Rudolf-Hans-Bartsch-Straße;graz-sanktpeter;
1;rudolflistgasse;Rudolf-List-Gasse;graz-waltendorf;
1;rudolfstraße;Rudolfstraße;graz-waltendorf;
1;rudolfstraße;Rudolfstraße;graz-ries;
1;ruinenweg;Ruinenweg;graz-gösting;
1;rungeweg;Rungeweg;graz-waltendorf;
1;russenweg;Russenweg;graz-andritz;
1;ruthardweg;Ruthardweg;graz-puntigam;
1;sackstraße;Sackstraße;graz-innerestadt;
1;sahlaweg;Sahlaweg;graz-gries;
1;saitzgasse;Saitzgasse;graz-gösting;
1;salfeldstraße;Salfeldstraße;graz-straßgang;
1;salzamtsgasse;Salzamtsgasse;graz-innerestadt;
1;sandgasse;Sandgasse;graz-jakomini;
1;sandgrubenweg;Sandgrubenweg;graz-wetzelsdorf;
1;sandgrubenweg;Sandgrubenweg;graz-straßgang;
1;sanzingasse;Sanzingasse;graz-andritz;
1;sartorigasse;Sartorigasse;graz-ries;
1;sattlerweg;Sattlerweg;graz-straßgang;
1;saumgasse;Saumgasse;graz-geidorf;
1;saumgasse;Saumgasse;graz-andritz;
1;sauraugasse;Sauraugasse;graz-innerestadt;
1;savenauweg;Savenauweg;graz-waltendorf;
1;schäffersfeldweg;Schäffersfeldweg;graz-ries;
1;schaftalberg;Schaftalberg;graz-mariatrost;
1;schaftalstraße;Schaftalstraße;graz-ries;
1;schanzelgasse;Schanzelgasse;graz-geidorf;
1;schauensteingasse;Schauensteingasse;graz-waltendorf;
1;scheidtenbergergasse;Scheidtenbergergasse;graz-geidorf;
1;scheigergasse;Scheigergasse;graz-jakomini;
1;scheigergasse;Scheigergasse;graz-sanktpeter;
1;schererstraße;Schererstraße;graz-wetzelsdorf;
1;scherweg;Scherweg;graz-andritz;
1;schießstattgasse;Schießstattgasse;graz-jakomini;
1;schiffgasse;Schiffgasse;graz-gries;
1;schillerplatz;Schillerplatz;graz-sanktleonhard;
1;schillerstraße;Schillerstraße;graz-sanktleonhard;
1;schippingerstraße;Schippingerstraße;graz-gösting;
1;schirmleitenstraße;Schirmleitenstraße;graz-andritz;
1;schirrmanngasse;Schirrmanngasse;graz-andritz;
1;schleifbachgasse;Schleifbachgasse;graz-lend;
1;schleppbahngasse;Schleppbahngasse;graz-andritz;
1;schlögelgasse;Schlögelgasse;graz-sanktleonhard;
1;schloßberg;Schloßberg;graz-innerestadt;
1;schloßbergplatz;Schloßbergplatz;graz-innerestadt;
1;schlösselweg;Schlösselweg;graz-gösting;
1;schlossergasse;Schlossergasse;graz-innerestadt;
1;schloßplatz;Schloßplatz;graz-gösting;
1;schloßstraße;Schloßstraße;graz-eggenberg;
1;schmiedgasse;Schmiedgasse;graz-innerestadt;
1;schmiedlstraße;Schmiedlstraße;graz-sanktpeter;
1;schmölzergasse;Schmölzergasse;graz-lend;
1;schnabelweg;Schnabelweg;graz-straßgang;
1;schoberweg;Schoberweg;graz-sanktpeter;
1;schöckelbachweg;Schöckelbachweg;graz-andritz;
1;schöckelstraße;Schöckelstraße;graz-andritz;
1;schönaugasse;Schönaugasse;graz-jakomini;
1;schönaugürtel;Schönaugürtel;graz-jakomini;
1;schönbrunngasse;Schönbrunngasse;graz-geidorf;
1;schönbrunngasse;Schönbrunngasse;graz-mariatrost;
1;schörgelgasse;Schörgelgasse;graz-sanktleonhard;
1;schörgelgasse;Schörgelgasse;graz-jakomini;
1;schörgelgasse;Schörgelgasse;graz-waltendorf;
1;schoygasse;Schoygasse;graz-straßgang;
1;schreibäckerweg;Schreibäckerweg;graz-puntigam;
1;schreinerstraße;Schreinerstraße;graz-wetzelsdorf;
1;schröckingerweg;Schröckingerweg;graz-geidorf;
1;schröderhofweg;Schröderhofweg;graz-gries;
1;schrödingerstraße;Schrödingerstraße;graz-lend;
1;schrottenbachgasse;Schrottenbachgasse;graz-liebenau;
1;schrottenbachgasse;Schrottenbachgasse;graz-sanktpeter;
1;schröttergasse;Schröttergasse;graz-geidorf;
1;schubertstraße;Schubertstraße;graz-geidorf;
1;schulgasse;Schulgasse;graz-waltendorf;
1;schumanngasse;Schumanngasse;graz-sanktleonhard;
1;schützenhofgasse;Schützenhofgasse;graz-sanktleonhard;
1;schützgasse;Schützgasse;graz-gries;
1;schwarzbauerweg;Schwarzbauerweg;graz-mariatrost;
1;schwarzenberggasse;Schwarzenberggasse;graz-jakomini;
1;schwarzerweg;Schwarzer Weg;graz-straßgang;
1;schwarzerweg;Schwarzer Weg;graz-puntigam;
1;schweinbergstraße;Schweinbergstraße;graz-ries;
1;schwimmschulkai;Schwimmschulkai;graz-geidorf;
1;schwindgasse;Schwindgasse;graz-sanktpeter;
1;sechsundzwanzigerschützengasse;Sechsundzwanziger-Schützen-Gasse;graz-gries;
1;seebachergasse;Seebachergasse;graz-sanktleonhard;
1;seebachergasse;Seebachergasse;graz-geidorf;
1;seidenhofstraße;Seidenhofstraße;graz-eggenberg;
1;seiersbergstraße;Seiersbergstraße;graz-straßgang;
1;seminarstraße;Seminarstraße;graz-andritz;
1;semmelweisgasse;Semmelweisgasse;graz-sanktleonhard;
1;senefeldergasse;Senefeldergasse;graz-liebenau;
1;siebenundvierzigergasse;Siebenundvierzigergasse;graz-gries;
1;siedlerweg;Siedlerweg;graz-liebenau;
1;siemensgasse;Siemensgasse;graz-sanktleonhard;
1;siemensgasse;Siemensgasse;graz-waltendorf;
1;siglweg;Siglweg;graz-andritz;
1;sigmundfreudgasse;Sigmund-Freud-Gasse;graz-waltendorf;
1;sigmundstadl;Sigmundstadl;graz-lend;
1;simchengasse;Simchengasse;graz-andritz;
1;simonygasse;Simonygasse;graz-straßgang;
1;sobothgasse;Sobothgasse;graz-straßgang;
1;sonnenfelsplatz;Sonnenfelsplatz;graz-geidorf;
1;sonnenstraße;Sonnenstraße;graz-sanktleonhard;
1;sonnenstraße;Sonnenstraße;graz-waltendorf;
1;sonnleitenweg;Sonnleitenweg;graz-mariatrost;
1;sorgerweg;Sorgerweg;graz-waltendorf;
1;sparbersbachgasse;Sparbersbachgasse;graz-sanktleonhard;
1;sparkassenplatz;Sparkassenplatz;graz-innerestadt;
1;speidlgasse;Speidlgasse;graz-liebenau;
1;spielbergweg;Spielbergweg;graz-wetzelsdorf;
1;spitzäckerweg;Spitzäckerweg;graz-puntigam;
1;spitzgasse;Spitzgasse;graz-straßgang;
1;sporgasse;Sporgasse;graz-innerestadt;
1;sportplatzgasse;Sportplatzgasse;graz-gösting;
1;sanktandräplatz;St.-Andräplatz;graz-gries;
1;sanktgeorgengasse;St.-Georgen-Gasse;graz-lend;
1;sanktgotthardstraße;St.-Gotthard-Straße;graz-andritz;
1;sanktjohannundpaul;St.-Johann-und-Paul;graz-wetzelsdorf;
1;sanktpaulusplatz;St.-Paulus-Platz;graz-liebenau;
1;sanktpetergürtel;St.-Peter-Gürtel;graz-sanktpeter;
1;sanktpeterhauptstraße;St.-Peter-Hauptstraße;graz-sanktpeter;
1;sanktpeterpfarrweg;St.-Peter-Pfarrweg;graz-sanktpeter;
1;sanktpeterpfarrweg;St.-Peter-Pfarrweg;graz-waltendorf;
1;sanktpetersburgallee;St.Petersburg Allee;graz-jakomini;
1;sanktveiteranger;St.-Veiter-Anger;graz-andritz;
1;sanktveiterstraße;St.-Veiter-Straße;graz-andritz;
1;staatsbahnstraße;Staatsbahnstraße;graz-gries;
1;stadionplatz;Stadionplatz;graz-liebenau;
1;stadlgasse;Stadlgasse;graz-gries;
1;stadtpark;Stadtpark;graz-innerestadt;
1;stahlgasse;Stahlgasse;graz-lend;
1;stainzergasse;Stainzergasse;graz-innerestadt;
1;stanglmühlstraße;Stanglmühlstraße;graz-liebenau;
1;starhemberggasse;Starhemberggasse;graz-lend;
1;statteggerstraße;Stattegger Straße;graz-andritz;
1;staudenweg;Staudenweg;graz-puntigam;
1;staudgasse;Staudgasse;graz-wetzelsdorf;
1;steggasse;Steggasse;graz-geidorf;
1;steinäckerstraße;Steinäckerstraße;graz-wetzelsdorf;
1;steinbergstraße;Steinbergstraße;graz-eggenberg;
1;steinbergstraße;Steinbergstraße;graz-wetzelsdorf;
1;steinbruchweg;Steinbruchweg;graz-gösting;
1;steinbruchweg;Steinbruchweg;graz-eggenberg;
1;steinfeldgasse;Steinfeldgasse;graz-gries;
1;steingasse;Steingasse;graz-gösting;
1;steingrabenweg;Steingrabenweg;graz-mariatrost;
1;steinkleegasse;Steinkleegasse;graz-sanktpeter;
1;steinriegelgasse;Steinriegelgasse;graz-wetzelsdorf;
1;stelzhamerweg;Stelzhamerweg;graz-mariatrost;
1;stemmerweg;Stemmerweg;graz-straßgang;
1;stempfergasse;Stempfergasse;graz-innerestadt;
1;stenggstraße;Stenggstraße;graz-mariatrost;
1;sternäckerweg;Sternäckerweg;graz-liebenau;
1;sternäckerweg;Sternäckerweg;graz-sanktpeter;
1;sterngasse;Sterngasse;graz-gries;
1;sternwirtweg;Sternwirtweg;graz-ries;
1;sterzinggasse;Sterzinggasse;graz-wetzelsdorf;
1;steyrergasse;Steyrergasse;graz-jakomini;
1;stiegengasse;Stiegengasse;graz-innerestadt;
1;stiftingbachweg;Stiftingbachweg;graz-ries;
1;stiftingtalstraße;Stiftingtalstraße;graz-geidorf;
1;stiftingtalstraße;Stiftingtalstraße;graz-ries;
1;stigergasse;Stigergasse;graz-lend;
1;stockergasse;Stockergasse;graz-lend;
1;stoffbauerweg;Stoffbauerweg;graz-mariatrost;
1;storchgasse;Storchgasse;graz-gries;
1;stradiotgasse;Stradiotgasse;graz-lend;
1;stranzgasse;Stranzgasse;graz-liebenau;
1;straßengelstraße;Straßengelstraße;graz-gösting;
1;strasserhofweg;Strasserhofweg;graz-andritz;
1;straßgangerstraße;Straßganger Straße;graz-eggenberg;
1;straßgangerstraße;Straßganger Straße;graz-wetzelsdorf;
1;straßgangerstraße;Straßganger Straße;graz-straßgang;
1;strassoldogasse;Strassoldogasse;graz-geidorf;
1;strauchergasse;Strauchergasse;graz-lend;
1;stregengasse;Stregengasse;graz-straßgang;
1;stremayrgasse;Stremayrgasse;graz-jakomini;
1;strennerweg;Strennerweg;graz-puntigam;
1;strobelbergerweg;Strobelbergerweg;graz-mariatrost;
1;stubenberggasse;Stubenberggasse;graz-innerestadt;
1;sturzgasse;Sturzgasse;graz-gries;
1;styriastraße;Styriastraße;graz-sanktpeter;
1;südbahnstraße;Südbahnstraße;graz-gries;
1;südlicheslazarettfeld;Südliches Lazarettfeld;graz-gries;
1;südostsiedlerstraße;Süd-Ost-Siedler-Straße;graz-wetzelsdorf;
1;südostsiedlerstraße;Süd-Ost-Siedler-Straße;graz-straßgang;
1;südtirolerplatz;Südtiroler Platz;graz-lend;
1;südtirolerplatz;Südtiroler Platz;graz-gries;
1;suttnerweg;Suttnerweg;graz-liebenau;
1;swethgasse;Swethgasse;graz-sanktleonhard;
1;swikerstraße;Swikerstraße;graz-gösting;
1;tannhofweg;Tannhofweg;graz-mariatrost;
1;technikerstraße;Technikerstraße;graz-sanktleonhard;
1;tegetthoffplatz;Tegetthoffplatz;graz-sanktleonhard;
1;teichäckergasse;Teichäckergasse;graz-eggenberg;
1;teichhof;Teichhof;graz-mariatrost;
1;teichhofweg;Teichhofweg;graz-mariatrost;
1;teuffenbachweg;Teuffenbachweg;graz-straßgang;
1;thaddäusstammelstraße;Thaddäus-Stammel-Straße;graz-eggenberg;
1;thalbachweg;Thalbachweg;graz-gösting;
1;thalerseestraße;Thalerseestraße;graz-eggenberg;
1;thalstraße;Thalstraße;graz-gösting;
1;theodorkörnerstraße;Theodor-Körner-Straße;graz-geidorf;
1;theodorstormstraße;Theodor-Storm-Straße;graz-liebenau;
1;theodorstormstraße;Theodor-Storm-Straße;graz-sanktpeter;
1;theyergasse;Theyergasse;graz-liebenau;
1;thomasarbeitergasse;Thomas-Arbeiter-Gasse;graz-sanktpeter;
1;tiefentalweg;Tiefentalweg;graz-sanktpeter;
1;tiergartenweg;Tiergartenweg;graz-gries;
1;tiergartenweg;Tiergartenweg;graz-puntigam;
1;toeplergasse;Toeplergasse;graz-andritz;
1;tonischrufweg;Toni-Schruf-Weg;graz-sanktpeter;
1;töpferweg;Töpferweg;graz-sanktpeter;
1;trappengasse;Trappengasse;graz-straßgang;
1;trattenweg;Trattenweg;graz-jakomini;
1;trattfelderstraße;Trattfelderstraße;graz-straßgang;
1;traungauergasse;Traungauergasse;graz-gries;
1;trauttmansdorffgasse;Trauttmansdorffgasse;graz-innerestadt;
1;trenkgasse;Trenkgasse;graz-liebenau;
1;triesterstraße;Triester Straße;graz-gries;
1;triesterstraße;Triester Straße;graz-puntigam;
1;trondheimgasse;Trondheimgasse;graz-lend;
1;tullbachweg;Tullbachweg;graz-mariatrost;
1;tullhofweg;Tullhofweg;graz-mariatrost;
1;tullriegel;Tullriegel;graz-mariatrost;
1;tummelplatz;Tummelplatz;graz-innerestadt;
1;tyroltgasse;Tyroltgasse;graz-eggenberg;
1;überfuhrgasse;Überfuhrgasse;graz-lend;
1;uferweg;Uferweg;graz-geidorf;
1;uhlandgasse;Uhlandgasse;graz-sanktleonhard;
1;uhlirzgasse;Uhlirzgasse;graz-andritz;
1;ullreichstraße;Ullreichstraße;graz-wetzelsdorf;
1;ulmgasse;Ulmgasse;graz-straßgang;
1;ulrichlichtensteingasse;Ulrich-Lichtenstein-Gasse;graz-jakomini;
1;ulrichlichtensteingasse;Ulrich-Lichtenstein-Gasse;graz-liebenau;
1;ulrichsweg;Ulrichsweg;graz-andritz;
1;ungergasse;Ungergasse;graz-gries;
1;universitätsplatz;Universitätsplatz;graz-geidorf;
1;universitätsstraße;Universitätsstraße;graz-geidorf;
1;unterebahnstraße;Untere Bahnstraße;graz-jakomini;
1;untereschirmleiten;Untere Schirmleiten;graz-andritz;
1;untereschönbrunngasse;Untere Schönbrunngasse;graz-mariatrost;
1;untereteichstraße;Untere Teichstraße;graz-waltendorf;
1;untererauweg;Unterer Auweg;graz-puntigam;
1;untererbreitenweg;Unterer Breitenweg;graz-sanktpeter;
1;untererbründlweg;Unterer Bründlweg;graz-straßgang;
1;unterermühlweg;Unterer Mühlweg;graz-straßgang;
1;untererplattenweg;Unterer Plattenweg;graz-mariatrost;
1;ursprungweg;Ursprungweg;graz-andritz;
1;varenaweg;Varenaweg;graz-mariatrost;
1;vaterdorfstraße;Vaterdorfstraße;graz-liebenau;
1;veilchenstraße;Veilchenstraße;graz-straßgang;
1;vidmarstraße;Vidmarstraße;graz-gösting;
1;viehmarktgasse;Viehmarktgasse;graz-gries;
1;viktorfranzstraße;Viktor-Franz-Straße;graz-lend;
1;viktorfranzstraße;Viktor-Franz-Straße;graz-gösting;
1;viktorgerambweg;Viktor-Geramb-Weg;graz-ries;
1;viktorkaplangasse;Viktor-Kaplan-Gasse;graz-andritz;
1;viktorzackweg;Viktor-Zack-Weg;graz-andritz;
1;villefortgasse;Villefortgasse;graz-geidorf;
1;villenstraße;Villenstraße;graz-eggenberg;
1;vinzenzgasse;Vinzenzgasse;graz-eggenberg;
1;vinzenzmuchitschstraße;Vinzenz-Muchitsch-Straße;graz-gries;
1;vinzenzsabatkyweg;Vinzenz-Sabatky-Weg;graz-straßgang;
1;virchowgasse;Virchowgasse;graz-liebenau;
1;vogelweiderstraße;Vogelweiderstraße;graz-geidorf;
1;volkmarweg;Volkmarweg;graz-straßgang;
1;volksgarten;Volksgarten;graz-lend;
1;volksgartenstraße;Volksgartenstraße;graz-lend;
1;vorbeckgasse;Vorbeckgasse;graz-gries;
1;vordererplattenweg;Vorderer Plattenweg;graz-andritz;
1;waagnerbirostraße;Waagner-Biro-Straße;graz-lend;
1;wacholderweg;Wacholderweg;graz-sanktpeter;
1;wachtelgasse;Wachtelgasse;graz-wetzelsdorf;
1;wagnerjaureggplatz;Wagner-Jauregg-Platz;graz-straßgang;
1;wagnerjaureggstraße;Wagner-Jauregg-Straße;graz-straßgang;
1;wagnerjaureggstraße;Wagner-Jauregg-Straße;graz-puntigam;
1;wagnesweg;Wagnesweg;graz-mariatrost;
1;wagramerweg;Wagramer Weg;graz-puntigam;
1;waldertgasse;Waldertgasse;graz-lend;
1;waldheimatweg;Waldheimatweg;graz-andritz;
1;waldhofweg;Waldhofweg;graz-mariatrost;
1;waldmüllergasse;Waldmüllergasse;graz-sanktpeter;
1;waldteufelweg;Waldteufelweg;graz-waltendorf;
1;waldteufelweg;Waldteufelweg;graz-ries;
1;waldweg;Waldweg;graz-gösting;
1;waltendorfergürtel;Waltendorfer Gürtel;graz-sanktleonhard;
1;waltendorferhauptstraße;Waltendorfer Hauptstraße;graz-sanktpeter;
1;waltendorferhauptstraße;Waltendorfer Hauptstraße;graz-waltendorf;
1;waltendorferhöhe;Waltendorfer Höhe;graz-waltendorf;
1;walterflexweg;Walter-Flex-Weg;graz-ries;
1;waltergoldschmidtgasse;Walter-Goldschmidt-Gasse;graz-sanktpeter;
1;walterpchryslerplatz;Walter-P.-Chrysler-Platz;graz-liebenau;
1;waltersemetkowskiweg;Walter-Semetkowski-Weg;graz-waltendorf;
1;warnhauserweg;Warnhauserweg;graz-puntigam;
1;wartingergasse;Wartingergasse;graz-geidorf;
1;wassergasse;Wassergasse;graz-geidorf;
1;wasserwerkgasse;Wasserwerkgasse;graz-andritz;
1;wastiangasse;Wastiangasse;graz-sanktleonhard;
1;wastlergasse;Wastlergasse;graz-geidorf;
1;weblingergürtel;Weblinger Gürtel;graz-straßgang;
1;weblingergürtel;Weblinger Gürtel;graz-puntigam;
1;weblingerstraße;Weblinger Straße;graz-straßgang;
1;wegzumreinerkogel;Weg zum Reinerkogel;graz-geidorf;
1;wegzureinsiedelei;Weg zur Einsiedelei;graz-eggenberg;
1;wegenergasse;Wegenergasse;graz-waltendorf;
1;weiberfelderweg;Weiberfelderweg;graz-straßgang;
1;weidweg;Weidweg;graz-gösting;
1;weiherweg;Weiherweg;graz-sanktpeter;
1;weinbergweg;Weinbergweg;graz-gösting;
1;weingartenweg;Weingartenweg;graz-eggenberg;
1;weinholdstraße;Weinholdstraße;graz-jakomini;
1;weinitzenstraße;Weinitzenstraße;graz-andritz;
1;weinzödl;Weinzödl;graz-andritz;
1;weinzöttlstraße;Weinzöttlstraße;graz-andritz;
1;weißeneggergasse;Weißeneggergasse;graz-lend;
1;weißenhofgasse;Weißenhofgasse;graz-gries;
1;weissenkircherstraße;Weissenkircherstraße;graz-eggenberg;
1;weißweg;Weißweg;graz-puntigam;
1;weixelbaumstraße;Weixelbaumstraße;graz-gösting;
1;weizbachweg;Weizbachweg;graz-andritz;
1;weizenweg;Weizenweg;graz-straßgang;
1;weizenweg;Weizenweg;graz-puntigam;
1;weldenstraße;Weldenstraße;graz-innerestadt;
1;wenisbucherstraße;Wenisbucher Straße;graz-mariatrost;
1;wenzlhofstraße;Wenzlhofstraße;graz-puntigam;
1;werndlweg;Werndlweg;graz-liebenau;
1;westbahngasse;Westbahngasse;graz-straßgang;
1;westgasse;Westgasse;graz-puntigam;
1;wetzelsdorferstraße;Wetzelsdorfer Straße;graz-gries;
1;wetzelsdorferstraße;Wetzelsdorfer Straße;graz-eggenberg;
1;wetzelsdorferstraße;Wetzelsdorfer Straße;graz-wetzelsdorf;
1;wichnergasse;Wichnergasse;graz-liebenau;
1;wickenburggasse;Wickenburggasse;graz-innerestadt;
1;wickenburggasse;Wickenburggasse;graz-geidorf;
1;widmannstettergasse;Widmannstettergasse;graz-wetzelsdorf;
1;widowitzgasse;Widowitzgasse;graz-jakomini;
1;wielandgasse;Wielandgasse;graz-jakomini;
1;wienerstraße;Wiener Straße;graz-lend;
1;wienerstraße;Wiener Straße;graz-andritz;
1;wienerstraße;Wiener Straße;graz-gösting;
1;wiesenauergasse;Wiesenauergasse;graz-wetzelsdorf;
1;wiesengasse;Wiesengasse;graz-gries;
1;wiesingergasse;Wiesingergasse;graz-mariatrost;
1;wildweg;Wildweg;graz-mariatrost;
1;wilhelmfischerallee;Wilhelm-Fischer-Allee;graz-innerestadt;
1;wilhelmgössergasse;Wilhelm-Gösser-Gasse;graz-waltendorf;
1;wilhelmgössergasse;Wilhelm-Gösser-Gasse;graz-ries;
1;wilhelmkienzlgasse;Wilhelm-Kienzl-Gasse;graz-geidorf;
1;wilhelmraabegasse;Wilhelm-Raabe-Gasse;graz-geidorf;
1;wilhelmröschegasse;Wilhelm-Rösche-Gasse;graz-liebenau;
1;wilhelmthönyweg;Wilhelm-Thöny-Weg;graz-wetzelsdorf;
1;willithallerstraße;Willi-Thaller-Straße;graz-liebenau;
1;willomitzergasse;Willomitzergasse;graz-gösting;
1;winkelgasse;Winkelgasse;graz-jakomini;
1;winterweg;Winterweg;graz-andritz;
1;winzerweg;Winzerweg;graz-straßgang;
1;wittekweg;Wittekweg;graz-sanktleonhard;
1;wittenbauerstraße;Wittenbauerstraße;graz-jakomini;
1;wittenbauerstraße;Wittenbauerstraße;graz-sanktpeter;
1;wittulaweg;Wittulaweg;graz-wetzelsdorf;
1;wolkensteingasse;Wolkensteingasse;graz-lend;
1;wormgasse;Wormgasse;graz-geidorf;
1;wurmbrandgasse;Wurmbrandgasse;graz-innerestadt;
1;zahläckerweg;Zahläckerweg;graz-straßgang;
1;zahläckerweg;Zahläckerweg;graz-puntigam;
1;zahnstraße;Zahnstraße;graz-puntigam;
1;zanklstraße;Zanklstraße;graz-gösting;
1;zeillergasse;Zeillergasse;graz-lend;
1;zelinkagasse;Zelinkagasse;graz-andritz;
1;zeppelinstraße;Zeppelinstraße;graz-puntigam;
1;zerlacherweg;Zerlacherweg;graz-wetzelsdorf;
1;zeugamtsweg;Zeugamtsweg;graz-wetzelsdorf;
1;ziegelstraße;Ziegelstraße;graz-andritz;
1;ziehrerstraße;Ziehrerstraße;graz-liebenau;
1;ziernfeldgasse;Ziernfeldgasse;graz-geidorf;
1;zimmerplatzgasse;Zimmerplatzgasse;graz-jakomini;
1;zinzendorfgasse;Zinzendorfgasse;graz-geidorf;
1;zoffgasse;Zoffgasse;graz-gösting;
1;zoisweg;Zoisweg;graz-liebenau;
1;zollgasse;Zollgasse;graz-lend;
1;zösenbergweg;Zösenbergweg;graz-andritz;
1;zusertalgasse;Zusertalgasse;graz-geidorf;
1;zweierbosniakengasse;Zweierbosniakengasse;graz-straßgang;
1;zweiglgasse;Zweiglgasse;graz-gries;
1;zwerggasse;Zwerggasse;graz-sanktleonhard;
1;zwigottweg;Zwigottweg;graz-straßgang;
1;augartenbrücke;Augartenbrücke;graz-gries;
1;augartenbrücke;Augartenbrücke;graz-jakomini;
1;augartensteg;Augartensteg;graz-gries;
1;augartensteg;Augartensteg;graz-jakomini;
1;berthavonsuttnerfriedensbrücke;Bertha-von-Suttner-Friedensbrücke;graz-gries;
1;berthavonsuttnerfriedensbrücke;Bertha-von-Suttner-Friedensbrücke;graz-jakomini;
1;gasrohrsteg;Gasrohrsteg;graz-liebenau;
1;gasrohrsteg;Gasrohrsteg;graz-puntigam;
1;erzherzogjohannbrücke;Erzherzog-Johann-Brücke;graz-innerestadt;
1;erzherzogjohannbrücke;Erzherzog-Johann-Brücke;graz-lend;
1;erzherzogjohannbrücke;Erzherzog-Johann-Brücke;graz-gries;
1;kalvarienbrücke;Kalvarienbrücke;graz-geidorf;
1;kalvarienbrücke;Kalvarienbrücke;graz-lend;
1;keplerbrücke;Keplerbrücke;graz-innerestadt;
1;keplerbrücke;Keplerbrücke;graz-geidorf;
1;keplerbrücke;Keplerbrücke;graz-lend;
1;pongratzmooresteg;Pongratz-Moore-Steg;graz-andritz;
1;pongratzmooresteg;Pongratz-Moore-Steg;graz-gösting;
1;puchsteg;Puchsteg;graz-liebenau;
1;puchsteg;Puchsteg;graz-gries;
1;puntigamerbrücke;Puntigamer Brücke;graz-liebenau;
1;puntigamerbrücke;Puntigamer Brücke;graz-puntigam;
1;radetzkybrücke;Radetzkybrücke;graz-innerestadt;
1;radetzkybrücke;Radetzkybrücke;graz-gries;
1;radetzkybrücke;Radetzkybrücke;graz-jakomini;
1;tegetthoffbrücke;Tegetthoffbrücke;graz-innerestadt;
1;tegetthoffbrücke;Tegetthoffbrücke;graz-gries;
